Source,Target,Level,Change,Weight
27YAbqQppoprRet39Fu9,2FF9ioIbx9maoeSIbwT2,2.5,0.5,2.5
27YAbqQppoprRet39Fu9,7A9INpTW6kQvVQs5gt71,2.0,0.0,2.0
27YAbqQppoprRet39Fu9,E7XtUfs8onabdbjGzbBz,3.5,0.0,3.5
27YAbqQppoprRet39Fu9,IVtn7pbNSsIvCJAAYn50,2.5,-0.5,2.5
27YAbqQppoprRet39Fu9,IZAkNWrgjXRAei6sZvSk,3.0,0.0,3.0
27YAbqQppoprRet39Fu9,IolpW1ZCNtoD9YrnQ40v,2.0,0.0,2.0
27YAbqQppoprRet39Fu9,LAKgBAbLVsVbiNcWC5gZ,3.5,1.0,3.5
27YAbqQppoprRet39Fu9,N14I3RHG4eMTmv4hVYgV,3.5,0.0,3.5
27YAbqQppoprRet39Fu9,P979GSMI95dxmUeufA3S,2.0,-1.0,2.0
27YAbqQppoprRet39Fu9,RDDvMBaY0BGSm29brbBM,3.5,0.0,3.5
27YAbqQppoprRet39Fu9,ShEQOFjoJ3TbiyrdVSY8,3.5,1.0,3.5
27YAbqQppoprRet39Fu9,T3zP8KWUqZa55oOnEYgK,1.5,0.5,1.5
27YAbqQppoprRet39Fu9,VZ3Bl4mlCMtGEEF6i48v,3.0,0.5,3.0
27YAbqQppoprRet39Fu9,cIpi3PKA28aZVfzfAta1,3.0,0.0,3.0
27YAbqQppoprRet39Fu9,f6BnhBjeRpHzoPFxN6nR,1.0,0.0,1.0
27YAbqQppoprRet39Fu9,hclBpSpjdPeyfpag5X7D,2.5,-0.5,2.5
27YAbqQppoprRet39Fu9,mtxx11BMiB5F18Gt3M0K,1.5,0.5,1.5
27YAbqQppoprRet39Fu9,oQrCwSAdGY4QZsS9vu5w,3.0,0.0,3.0
27YAbqQppoprRet39Fu9,rKGYwNvNpJzLPEdk2WDH,1.5,-0.5,1.5
27YAbqQppoprRet39Fu9,rvnFpCYCUzSiMcz8uY9G,2.5,0.5,2.5
27YAbqQppoprRet39Fu9,tHWlZ9jgw30yICMgFoXf,2.0,0.0,2.0
27YAbqQppoprRet39Fu9,vFgPWmSFwYPc9r65fTf1,5.0,0.5,5.0
27YAbqQppoprRet39Fu9,viVc7jsnkLQomOhVMF4B,3.0,0.0,3.0
2FF9ioIbx9maoeSIbwT2,27YAbqQppoprRet39Fu9,2.5,0.5,2.5
2FF9ioIbx9maoeSIbwT2,36WMVE0pyYvdHsGCfTN1,0.5,0.0,0.5
36WMVE0pyYvdHsGCfTN1,2FF9ioIbx9maoeSIbwT2,0.5,0.0,0.5
2FF9ioIbx9maoeSIbwT2,7A9INpTW6kQvVQs5gt71,4.0,0.5,4.0
2FF9ioIbx9maoeSIbwT2,Bt27Q8szNxm554djfjll,0.5,0.0,0.5
Bt27Q8szNxm554djfjll,2FF9ioIbx9maoeSIbwT2,0.5,0.0,0.5
2FF9ioIbx9maoeSIbwT2,CEBq3AGVvblVit4ToR4m,1.5,-1.0,1.5
2FF9ioIbx9maoeSIbwT2,E7XtUfs8onabdbjGzbBz,1.5,0.0,1.5
2FF9ioIbx9maoeSIbwT2,IVtn7pbNSsIvCJAAYn50,3.5,0.5,3.5
2FF9ioIbx9maoeSIbwT2,IZAkNWrgjXRAei6sZvSk,2.5,-0.5,2.5
2FF9ioIbx9maoeSIbwT2,IolpW1ZCNtoD9YrnQ40v,4.0,0.5,4.0
2FF9ioIbx9maoeSIbwT2,LAKgBAbLVsVbiNcWC5gZ,3.5,1.0,3.5
2FF9ioIbx9maoeSIbwT2,N14I3RHG4eMTmv4hVYgV,2.0,0.0,2.0
2FF9ioIbx9maoeSIbwT2,P979GSMI95dxmUeufA3S,4.0,0.0,4.0
2FF9ioIbx9maoeSIbwT2,RDDvMBaY0BGSm29brbBM,3.0,0.5,3.0
2FF9ioIbx9maoeSIbwT2,ShEQOFjoJ3TbiyrdVSY8,3.0,1.0,3.0
2FF9ioIbx9maoeSIbwT2,T3zP8KWUqZa55oOnEYgK,3.5,0.5,3.5
2FF9ioIbx9maoeSIbwT2,VZ3Bl4mlCMtGEEF6i48v,3.0,1.0,3.0
2FF9ioIbx9maoeSIbwT2,cIpi3PKA28aZVfzfAta1,3.5,1.0,3.5
2FF9ioIbx9maoeSIbwT2,hclBpSpjdPeyfpag5X7D,2.0,-0.5,2.0
2FF9ioIbx9maoeSIbwT2,mtxx11BMiB5F18Gt3M0K,3.0,0.5,3.0
2FF9ioIbx9maoeSIbwT2,oQrCwSAdGY4QZsS9vu5w,2.5,0.0,2.5
2FF9ioIbx9maoeSIbwT2,pI6LGXXBSBIkc957N9Ot,1.0,0.0,1.0
2FF9ioIbx9maoeSIbwT2,rKGYwNvNpJzLPEdk2WDH,1.5,-0.5,1.5
2FF9ioIbx9maoeSIbwT2,rvnFpCYCUzSiMcz8uY9G,2.5,1.0,2.5
2FF9ioIbx9maoeSIbwT2,tHWlZ9jgw30yICMgFoXf,2.5,1.0,2.5
2FF9ioIbx9maoeSIbwT2,vFgPWmSFwYPc9r65fTf1,2.5,0.0,2.5
2FF9ioIbx9maoeSIbwT2,viVc7jsnkLQomOhVMF4B,3.5,0.0,3.5
36WMVE0pyYvdHsGCfTN1,27YAbqQppoprRet39Fu9,1.0,0.5,1.0
27YAbqQppoprRet39Fu9,36WMVE0pyYvdHsGCfTN1,1.0,0.5,1.0
36WMVE0pyYvdHsGCfTN1,7A9INpTW6kQvVQs5gt71,1.5,0.0,1.5
36WMVE0pyYvdHsGCfTN1,CEBq3AGVvblVit4ToR4m,0.5,0.0,0.5
CEBq3AGVvblVit4ToR4m,36WMVE0pyYvdHsGCfTN1,0.5,0.0,0.5
36WMVE0pyYvdHsGCfTN1,E7XtUfs8onabdbjGzbBz,2.5,0.5,2.5
36WMVE0pyYvdHsGCfTN1,IVtn7pbNSsIvCJAAYn50,1.5,0.0,1.5
36WMVE0pyYvdHsGCfTN1,IZAkNWrgjXRAei6sZvSk,0.5,0.0,0.5
IZAkNWrgjXRAei6sZvSk,36WMVE0pyYvdHsGCfTN1,0.5,0.0,0.5
36WMVE0pyYvdHsGCfTN1,IolpW1ZCNtoD9YrnQ40v,2.0,0.5,2.0
36WMVE0pyYvdHsGCfTN1,Kp6yx8A3QmPQoiZ8DDn9,1.5,0.5,1.5
Kp6yx8A3QmPQoiZ8DDn9,36WMVE0pyYvdHsGCfTN1,1.5,0.5,1.5
36WMVE0pyYvdHsGCfTN1,LAKgBAbLVsVbiNcWC5gZ,1.5,0.5,1.5
36WMVE0pyYvdHsGCfTN1,N14I3RHG4eMTmv4hVYgV,1.0,0.5,1.0
N14I3RHG4eMTmv4hVYgV,36WMVE0pyYvdHsGCfTN1,1.0,0.5,1.0
36WMVE0pyYvdHsGCfTN1,P979GSMI95dxmUeufA3S,0.5,0.0,0.5
P979GSMI95dxmUeufA3S,36WMVE0pyYvdHsGCfTN1,0.5,0.0,0.5
36WMVE0pyYvdHsGCfTN1,RDDvMBaY0BGSm29brbBM,0.5,0.0,0.5
RDDvMBaY0BGSm29brbBM,36WMVE0pyYvdHsGCfTN1,0.5,0.0,0.5
36WMVE0pyYvdHsGCfTN1,ShEQOFjoJ3TbiyrdVSY8,0.5,0.5,0.5
ShEQOFjoJ3TbiyrdVSY8,36WMVE0pyYvdHsGCfTN1,0.5,0.5,0.5
36WMVE0pyYvdHsGCfTN1,T3zP8KWUqZa55oOnEYgK,0.5,0.5,0.5
T3zP8KWUqZa55oOnEYgK,36WMVE0pyYvdHsGCfTN1,0.5,0.5,0.5
36WMVE0pyYvdHsGCfTN1,cIpi3PKA28aZVfzfAta1,1.0,0.5,1.0
cIpi3PKA28aZVfzfAta1,36WMVE0pyYvdHsGCfTN1,1.0,0.5,1.0
36WMVE0pyYvdHsGCfTN1,hclBpSpjdPeyfpag5X7D,1.0,0.0,1.0
hclBpSpjdPeyfpag5X7D,36WMVE0pyYvdHsGCfTN1,1.0,0.0,1.0
36WMVE0pyYvdHsGCfTN1,mtxx11BMiB5F18Gt3M0K,2.0,0.5,2.0
36WMVE0pyYvdHsGCfTN1,oQrCwSAdGY4QZsS9vu5w,0.5,0.0,0.5
oQrCwSAdGY4QZsS9vu5w,36WMVE0pyYvdHsGCfTN1,0.5,0.0,0.5
36WMVE0pyYvdHsGCfTN1,pI6LGXXBSBIkc957N9Ot,4.0,1.0,4.0
36WMVE0pyYvdHsGCfTN1,rKGYwNvNpJzLPEdk2WDH,0.5,0.0,0.5
rKGYwNvNpJzLPEdk2WDH,36WMVE0pyYvdHsGCfTN1,0.5,0.0,0.5
36WMVE0pyYvdHsGCfTN1,tHWlZ9jgw30yICMgFoXf,1.0,0.0,1.0
36WMVE0pyYvdHsGCfTN1,vFgPWmSFwYPc9r65fTf1,1.0,0.5,1.0
vFgPWmSFwYPc9r65fTf1,36WMVE0pyYvdHsGCfTN1,1.0,0.5,1.0
36WMVE0pyYvdHsGCfTN1,viVc7jsnkLQomOhVMF4B,1.0,0.0,1.0
4bYT8V7NDvQ1Pa2ZaqVE,7A9INpTW6kQvVQs5gt71,0.5,0.0,0.5
7A9INpTW6kQvVQs5gt71,4bYT8V7NDvQ1Pa2ZaqVE,0.5,0.0,0.5
4bYT8V7NDvQ1Pa2ZaqVE,IZAkNWrgjXRAei6sZvSk,0.5,0.0,0.5
IZAkNWrgjXRAei6sZvSk,4bYT8V7NDvQ1Pa2ZaqVE,0.5,0.0,0.5
4bYT8V7NDvQ1Pa2ZaqVE,RDDvMBaY0BGSm29brbBM,0.5,0.0,0.5
RDDvMBaY0BGSm29brbBM,4bYT8V7NDvQ1Pa2ZaqVE,0.5,0.0,0.5
4bYT8V7NDvQ1Pa2ZaqVE,T1gsMvM427m6KlWfOZNu,1.0,0.0,1.0
7A9INpTW6kQvVQs5gt71,27YAbqQppoprRet39Fu9,2.0,0.0,2.0
7A9INpTW6kQvVQs5gt71,2FF9ioIbx9maoeSIbwT2,4.0,0.5,4.0
7A9INpTW6kQvVQs5gt71,36WMVE0pyYvdHsGCfTN1,1.5,0.0,1.5
7A9INpTW6kQvVQs5gt71,Bt27Q8szNxm554djfjll,1.0,0.0,1.0
7A9INpTW6kQvVQs5gt71,CEBq3AGVvblVit4ToR4m,2.0,-0.5,2.0
7A9INpTW6kQvVQs5gt71,E7XtUfs8onabdbjGzbBz,2.0,0.0,2.0
7A9INpTW6kQvVQs5gt71,IVtn7pbNSsIvCJAAYn50,4.0,0.5,4.0
7A9INpTW6kQvVQs5gt71,IZAkNWrgjXRAei6sZvSk,2.5,0.0,2.5
7A9INpTW6kQvVQs5gt71,IolpW1ZCNtoD9YrnQ40v,4.5,1.0,4.5
7A9INpTW6kQvVQs5gt71,LAKgBAbLVsVbiNcWC5gZ,3.0,0.5,3.0
7A9INpTW6kQvVQs5gt71,N14I3RHG4eMTmv4hVYgV,2.0,0.0,2.0
7A9INpTW6kQvVQs5gt71,P979GSMI95dxmUeufA3S,2.5,-0.5,2.5
7A9INpTW6kQvVQs5gt71,RDDvMBaY0BGSm29brbBM,4.0,0.0,4.0
7A9INpTW6kQvVQs5gt71,ShEQOFjoJ3TbiyrdVSY8,2.5,1.0,2.5
7A9INpTW6kQvVQs5gt71,T1gsMvM427m6KlWfOZNu,1.0,0.5,1.0
7A9INpTW6kQvVQs5gt71,T3zP8KWUqZa55oOnEYgK,4.0,0.0,4.0
7A9INpTW6kQvVQs5gt71,VZ3Bl4mlCMtGEEF6i48v,2.5,0.5,2.5
7A9INpTW6kQvVQs5gt71,cIpi3PKA28aZVfzfAta1,3.0,-0.5,3.0
7A9INpTW6kQvVQs5gt71,f6BnhBjeRpHzoPFxN6nR,2.5,-1.0,2.5
7A9INpTW6kQvVQs5gt71,hclBpSpjdPeyfpag5X7D,2.5,0.0,2.5
7A9INpTW6kQvVQs5gt71,mtxx11BMiB5F18Gt3M0K,3.0,1.0,3.0
7A9INpTW6kQvVQs5gt71,oQrCwSAdGY4QZsS9vu5w,3.0,0.0,3.0
7A9INpTW6kQvVQs5gt71,pI6LGXXBSBIkc957N9Ot,2.0,1.0,2.0
7A9INpTW6kQvVQs5gt71,rKGYwNvNpJzLPEdk2WDH,2.0,0.5,2.0
7A9INpTW6kQvVQs5gt71,tHWlZ9jgw30yICMgFoXf,4.5,0.5,4.5
7A9INpTW6kQvVQs5gt71,vFgPWmSFwYPc9r65fTf1,2.0,0.0,2.0
7A9INpTW6kQvVQs5gt71,viVc7jsnkLQomOhVMF4B,2.5,0.0,2.5
Bt27Q8szNxm554djfjll,7A9INpTW6kQvVQs5gt71,1.0,0.0,1.0
Bt27Q8szNxm554djfjll,E7XtUfs8onabdbjGzbBz,1.0,0.0,1.0
Bt27Q8szNxm554djfjll,IVtn7pbNSsIvCJAAYn50,3.0,0.0,3.0
Bt27Q8szNxm554djfjll,IZAkNWrgjXRAei6sZvSk,2.0,0.0,2.0
Bt27Q8szNxm554djfjll,ShEQOFjoJ3TbiyrdVSY8,1.0,0.0,1.0
ShEQOFjoJ3TbiyrdVSY8,Bt27Q8szNxm554djfjll,1.0,0.0,1.0
Bt27Q8szNxm554djfjll,T3zP8KWUqZa55oOnEYgK,1.0,0.0,1.0
T3zP8KWUqZa55oOnEYgK,Bt27Q8szNxm554djfjll,1.0,0.0,1.0
Bt27Q8szNxm554djfjll,VZ3Bl4mlCMtGEEF6i48v,1.5,0.0,1.5
Bt27Q8szNxm554djfjll,mtxx11BMiB5F18Gt3M0K,2.5,0.0,2.5
Bt27Q8szNxm554djfjll,oQrCwSAdGY4QZsS9vu5w,3.0,0.0,3.0
Bt27Q8szNxm554djfjll,viVc7jsnkLQomOhVMF4B,4.5,0.5,4.5
CEBq3AGVvblVit4ToR4m,27YAbqQppoprRet39Fu9,1.0,-0.5,1.0
27YAbqQppoprRet39Fu9,CEBq3AGVvblVit4ToR4m,1.0,-0.5,1.0
CEBq3AGVvblVit4ToR4m,2FF9ioIbx9maoeSIbwT2,1.5,-1.0,1.5
CEBq3AGVvblVit4ToR4m,4bYT8V7NDvQ1Pa2ZaqVE,1.0,-0.5,1.0
4bYT8V7NDvQ1Pa2ZaqVE,CEBq3AGVvblVit4ToR4m,1.0,-0.5,1.0
CEBq3AGVvblVit4ToR4m,7A9INpTW6kQvVQs5gt71,2.0,-0.5,2.0
CEBq3AGVvblVit4ToR4m,E7XtUfs8onabdbjGzbBz,2.0,-0.5,2.0
CEBq3AGVvblVit4ToR4m,IVtn7pbNSsIvCJAAYn50,4.0,-0.5,4.0
CEBq3AGVvblVit4ToR4m,IZAkNWrgjXRAei6sZvSk,5.0,1.0,5.0
CEBq3AGVvblVit4ToR4m,IolpW1ZCNtoD9YrnQ40v,1.0,0.0,1.0
CEBq3AGVvblVit4ToR4m,LAKgBAbLVsVbiNcWC5gZ,1.5,-0.5,1.5
CEBq3AGVvblVit4ToR4m,P979GSMI95dxmUeufA3S,1.5,-0.5,1.5
CEBq3AGVvblVit4ToR4m,RDDvMBaY0BGSm29brbBM,1.5,-0.5,1.5
CEBq3AGVvblVit4ToR4m,ShEQOFjoJ3TbiyrdVSY8,1.5,-0.5,1.5
CEBq3AGVvblVit4ToR4m,T1gsMvM427m6KlWfOZNu,1.0,0.0,1.0
CEBq3AGVvblVit4ToR4m,T3zP8KWUqZa55oOnEYgK,1.5,0.5,1.5
CEBq3AGVvblVit4ToR4m,VZ3Bl4mlCMtGEEF6i48v,0.5,-0.5,0.5
VZ3Bl4mlCMtGEEF6i48v,CEBq3AGVvblVit4ToR4m,0.5,-0.5,0.5
CEBq3AGVvblVit4ToR4m,cIpi3PKA28aZVfzfAta1,2.5,-0.5,2.5
CEBq3AGVvblVit4ToR4m,f6BnhBjeRpHzoPFxN6nR,2.5,-0.5,2.5
CEBq3AGVvblVit4ToR4m,hclBpSpjdPeyfpag5X7D,3.5,0.0,3.5
CEBq3AGVvblVit4ToR4m,mtxx11BMiB5F18Gt3M0K,1.0,0.0,1.0
CEBq3AGVvblVit4ToR4m,oQrCwSAdGY4QZsS9vu5w,3.5,0.0,3.5
CEBq3AGVvblVit4ToR4m,rKGYwNvNpJzLPEdk2WDH,1.0,-0.5,1.0
CEBq3AGVvblVit4ToR4m,tHWlZ9jgw30yICMgFoXf,1.0,-0.5,1.0
CEBq3AGVvblVit4ToR4m,vFgPWmSFwYPc9r65fTf1,2.0,-0.5,2.0
CEBq3AGVvblVit4ToR4m,viVc7jsnkLQomOhVMF4B,4.0,0.0,4.0
E7XtUfs8onabdbjGzbBz,27YAbqQppoprRet39Fu9,3.5,0.0,3.5
E7XtUfs8onabdbjGzbBz,2FF9ioIbx9maoeSIbwT2,1.5,0.0,1.5
E7XtUfs8onabdbjGzbBz,36WMVE0pyYvdHsGCfTN1,2.5,0.5,2.5
E7XtUfs8onabdbjGzbBz,4bYT8V7NDvQ1Pa2ZaqVE,0.5,0.0,0.5
4bYT8V7NDvQ1Pa2ZaqVE,E7XtUfs8onabdbjGzbBz,0.5,0.0,0.5
E7XtUfs8onabdbjGzbBz,7A9INpTW6kQvVQs5gt71,2.0,0.0,2.0
E7XtUfs8onabdbjGzbBz,Bt27Q8szNxm554djfjll,1.0,0.0,1.0
E7XtUfs8onabdbjGzbBz,CEBq3AGVvblVit4ToR4m,2.0,-0.5,2.0
E7XtUfs8onabdbjGzbBz,IVtn7pbNSsIvCJAAYn50,2.0,0.0,2.0
E7XtUfs8onabdbjGzbBz,IZAkNWrgjXRAei6sZvSk,2.0,-0.5,2.0
E7XtUfs8onabdbjGzbBz,IolpW1ZCNtoD9YrnQ40v,2.5,0.0,2.5
E7XtUfs8onabdbjGzbBz,Kp6yx8A3QmPQoiZ8DDn9,0.5,0.0,0.5
Kp6yx8A3QmPQoiZ8DDn9,E7XtUfs8onabdbjGzbBz,0.5,0.0,0.5
E7XtUfs8onabdbjGzbBz,LAKgBAbLVsVbiNcWC5gZ,2.5,0.0,2.5
E7XtUfs8onabdbjGzbBz,N14I3RHG4eMTmv4hVYgV,3.0,0.0,3.0
E7XtUfs8onabdbjGzbBz,P979GSMI95dxmUeufA3S,2.0,-0.5,2.0
E7XtUfs8onabdbjGzbBz,RDDvMBaY0BGSm29brbBM,2.5,-0.5,2.5
E7XtUfs8onabdbjGzbBz,ShEQOFjoJ3TbiyrdVSY8,2.5,0.0,2.5
E7XtUfs8onabdbjGzbBz,T1gsMvM427m6KlWfOZNu,3.5,-0.5,3.5
E7XtUfs8onabdbjGzbBz,T3zP8KWUqZa55oOnEYgK,1.5,0.0,1.5
E7XtUfs8onabdbjGzbBz,VZ3Bl4mlCMtGEEF6i48v,1.5,0.0,1.5
E7XtUfs8onabdbjGzbBz,cIpi3PKA28aZVfzfAta1,2.0,0.0,2.0
E7XtUfs8onabdbjGzbBz,f6BnhBjeRpHzoPFxN6nR,2.5,1.0,2.5
E7XtUfs8onabdbjGzbBz,hclBpSpjdPeyfpag5X7D,1.5,0.0,1.5
E7XtUfs8onabdbjGzbBz,mtxx11BMiB5F18Gt3M0K,1.5,0.0,1.5
E7XtUfs8onabdbjGzbBz,oQrCwSAdGY4QZsS9vu5w,2.5,0.0,2.5
E7XtUfs8onabdbjGzbBz,pI6LGXXBSBIkc957N9Ot,2.5,0.5,2.5
E7XtUfs8onabdbjGzbBz,rKGYwNvNpJzLPEdk2WDH,1.5,0.0,1.5
E7XtUfs8onabdbjGzbBz,rvnFpCYCUzSiMcz8uY9G,2.5,0.5,2.5
E7XtUfs8onabdbjGzbBz,tHWlZ9jgw30yICMgFoXf,2.5,0.0,2.5
E7XtUfs8onabdbjGzbBz,vFgPWmSFwYPc9r65fTf1,3.5,0.5,3.5
E7XtUfs8onabdbjGzbBz,viVc7jsnkLQomOhVMF4B,2.0,0.0,2.0
IVtn7pbNSsIvCJAAYn50,27YAbqQppoprRet39Fu9,2.5,-0.5,2.5
IVtn7pbNSsIvCJAAYn50,2FF9ioIbx9maoeSIbwT2,3.5,0.5,3.5
IVtn7pbNSsIvCJAAYn50,36WMVE0pyYvdHsGCfTN1,1.5,0.0,1.5
IVtn7pbNSsIvCJAAYn50,7A9INpTW6kQvVQs5gt71,4.0,0.5,4.0
IVtn7pbNSsIvCJAAYn50,Bt27Q8szNxm554djfjll,3.0,0.0,3.0
IVtn7pbNSsIvCJAAYn50,CEBq3AGVvblVit4ToR4m,4.0,-0.5,4.0
IVtn7pbNSsIvCJAAYn50,E7XtUfs8onabdbjGzbBz,2.0,0.0,2.0
IVtn7pbNSsIvCJAAYn50,IZAkNWrgjXRAei6sZvSk,4.0,-0.5,4.0
IVtn7pbNSsIvCJAAYn50,IolpW1ZCNtoD9YrnQ40v,4.5,1.0,4.5
IVtn7pbNSsIvCJAAYn50,LAKgBAbLVsVbiNcWC5gZ,3.0,0.0,3.0
IVtn7pbNSsIvCJAAYn50,N14I3RHG4eMTmv4hVYgV,2.0,0.0,2.0
IVtn7pbNSsIvCJAAYn50,P979GSMI95dxmUeufA3S,2.5,1.0,2.5
IVtn7pbNSsIvCJAAYn50,RDDvMBaY0BGSm29brbBM,2.5,-1.0,2.5
IVtn7pbNSsIvCJAAYn50,ShEQOFjoJ3TbiyrdVSY8,4.0,1.0,4.0
IVtn7pbNSsIvCJAAYn50,T1gsMvM427m6KlWfOZNu,1.0,0.0,1.0
IVtn7pbNSsIvCJAAYn50,T3zP8KWUqZa55oOnEYgK,5.0,1.0,5.0
IVtn7pbNSsIvCJAAYn50,VZ3Bl4mlCMtGEEF6i48v,2.0,-1.0,2.0
IVtn7pbNSsIvCJAAYn50,cIpi3PKA28aZVfzfAta1,3.5,-0.5,3.5
IVtn7pbNSsIvCJAAYn50,f6BnhBjeRpHzoPFxN6nR,2.0,0.5,2.0
IVtn7pbNSsIvCJAAYn50,hclBpSpjdPeyfpag5X7D,3.0,0.0,3.0
IVtn7pbNSsIvCJAAYn50,mtxx11BMiB5F18Gt3M0K,3.5,1.0,3.5
IVtn7pbNSsIvCJAAYn50,oQrCwSAdGY4QZsS9vu5w,3.5,-0.5,3.5
IVtn7pbNSsIvCJAAYn50,pI6LGXXBSBIkc957N9Ot,1.5,0.0,1.5
IVtn7pbNSsIvCJAAYn50,rKGYwNvNpJzLPEdk2WDH,1.5,-0.5,1.5
IVtn7pbNSsIvCJAAYn50,tHWlZ9jgw30yICMgFoXf,2.0,0.0,2.0
IVtn7pbNSsIvCJAAYn50,vFgPWmSFwYPc9r65fTf1,3.0,0.5,3.0
IVtn7pbNSsIvCJAAYn50,viVc7jsnkLQomOhVMF4B,5.0,1.0,5.0
IZAkNWrgjXRAei6sZvSk,27YAbqQppoprRet39Fu9,3.0,0.0,3.0
IZAkNWrgjXRAei6sZvSk,2FF9ioIbx9maoeSIbwT2,2.5,-0.5,2.5
IZAkNWrgjXRAei6sZvSk,7A9INpTW6kQvVQs5gt71,2.5,0.0,2.5
IZAkNWrgjXRAei6sZvSk,Bt27Q8szNxm554djfjll,2.0,0.0,2.0
IZAkNWrgjXRAei6sZvSk,CEBq3AGVvblVit4ToR4m,5.0,1.0,5.0
IZAkNWrgjXRAei6sZvSk,E7XtUfs8onabdbjGzbBz,2.0,-0.5,2.0
IZAkNWrgjXRAei6sZvSk,IVtn7pbNSsIvCJAAYn50,4.0,-0.5,4.0
IZAkNWrgjXRAei6sZvSk,IolpW1ZCNtoD9YrnQ40v,2.0,0.0,2.0
IZAkNWrgjXRAei6sZvSk,LAKgBAbLVsVbiNcWC5gZ,2.5,0.0,2.5
IZAkNWrgjXRAei6sZvSk,N14I3RHG4eMTmv4hVYgV,2.0,0.0,2.0
IZAkNWrgjXRAei6sZvSk,P979GSMI95dxmUeufA3S,1.5,0.0,1.5
IZAkNWrgjXRAei6sZvSk,RDDvMBaY0BGSm29brbBM,2.5,-0.5,2.5
IZAkNWrgjXRAei6sZvSk,ShEQOFjoJ3TbiyrdVSY8,2.5,0.5,2.5
IZAkNWrgjXRAei6sZvSk,T1gsMvM427m6KlWfOZNu,2.5,-0.5,2.5
IZAkNWrgjXRAei6sZvSk,T3zP8KWUqZa55oOnEYgK,3.0,0.5,3.0
IZAkNWrgjXRAei6sZvSk,VZ3Bl4mlCMtGEEF6i48v,1.0,0.0,1.0
IZAkNWrgjXRAei6sZvSk,cIpi3PKA28aZVfzfAta1,3.0,0.0,3.0
IZAkNWrgjXRAei6sZvSk,f6BnhBjeRpHzoPFxN6nR,1.0,0.0,1.0
IZAkNWrgjXRAei6sZvSk,hclBpSpjdPeyfpag5X7D,4.0,0.0,4.0
IZAkNWrgjXRAei6sZvSk,mtxx11BMiB5F18Gt3M0K,1.0,0.0,1.0
IZAkNWrgjXRAei6sZvSk,oQrCwSAdGY4QZsS9vu5w,4.0,0.0,4.0
IZAkNWrgjXRAei6sZvSk,rKGYwNvNpJzLPEdk2WDH,1.0,-0.5,1.0
IZAkNWrgjXRAei6sZvSk,tHWlZ9jgw30yICMgFoXf,1.0,0.0,1.0
IZAkNWrgjXRAei6sZvSk,vFgPWmSFwYPc9r65fTf1,3.0,-0.5,3.0
IZAkNWrgjXRAei6sZvSk,viVc7jsnkLQomOhVMF4B,4.0,0.0,4.0
IolpW1ZCNtoD9YrnQ40v,27YAbqQppoprRet39Fu9,2.0,0.0,2.0
IolpW1ZCNtoD9YrnQ40v,2FF9ioIbx9maoeSIbwT2,4.0,0.5,4.0
IolpW1ZCNtoD9YrnQ40v,36WMVE0pyYvdHsGCfTN1,2.0,0.5,2.0
IolpW1ZCNtoD9YrnQ40v,7A9INpTW6kQvVQs5gt71,4.5,1.0,4.5
IolpW1ZCNtoD9YrnQ40v,Bt27Q8szNxm554djfjll,0.5,0.0,0.5
Bt27Q8szNxm554djfjll,IolpW1ZCNtoD9YrnQ40v,0.5,0.0,0.5
IolpW1ZCNtoD9YrnQ40v,CEBq3AGVvblVit4ToR4m,1.0,0.0,1.0
IolpW1ZCNtoD9YrnQ40v,E7XtUfs8onabdbjGzbBz,2.5,0.0,2.5
IolpW1ZCNtoD9YrnQ40v,IVtn7pbNSsIvCJAAYn50,4.5,1.0,4.5
IolpW1ZCNtoD9YrnQ40v,IZAkNWrgjXRAei6sZvSk,2.0,0.0,2.0
IolpW1ZCNtoD9YrnQ40v,Kp6yx8A3QmPQoiZ8DDn9,1.0,0.0,1.0
Kp6yx8A3QmPQoiZ8DDn9,IolpW1ZCNtoD9YrnQ40v,1.0,0.0,1.0
IolpW1ZCNtoD9YrnQ40v,LAKgBAbLVsVbiNcWC5gZ,3.0,0.5,3.0
IolpW1ZCNtoD9YrnQ40v,N14I3RHG4eMTmv4hVYgV,1.5,0.0,1.5
IolpW1ZCNtoD9YrnQ40v,P979GSMI95dxmUeufA3S,5.0,0.0,5.0
IolpW1ZCNtoD9YrnQ40v,RDDvMBaY0BGSm29brbBM,3.0,-1.0,3.0
IolpW1ZCNtoD9YrnQ40v,ShEQOFjoJ3TbiyrdVSY8,2.5,0.5,2.5
IolpW1ZCNtoD9YrnQ40v,T3zP8KWUqZa55oOnEYgK,5.0,0.5,5.0
IolpW1ZCNtoD9YrnQ40v,VZ3Bl4mlCMtGEEF6i48v,3.0,0.5,3.0
IolpW1ZCNtoD9YrnQ40v,cIpi3PKA28aZVfzfAta1,2.5,0.0,2.5
IolpW1ZCNtoD9YrnQ40v,f6BnhBjeRpHzoPFxN6nR,2.0,0.5,2.0
IolpW1ZCNtoD9YrnQ40v,hclBpSpjdPeyfpag5X7D,1.5,0.0,1.5
IolpW1ZCNtoD9YrnQ40v,mtxx11BMiB5F18Gt3M0K,3.5,1.0,3.5
IolpW1ZCNtoD9YrnQ40v,oQrCwSAdGY4QZsS9vu5w,2.5,0.0,2.5
IolpW1ZCNtoD9YrnQ40v,pI6LGXXBSBIkc957N9Ot,3.5,1.0,3.5
IolpW1ZCNtoD9YrnQ40v,rKGYwNvNpJzLPEdk2WDH,2.0,-0.5,2.0
IolpW1ZCNtoD9YrnQ40v,tHWlZ9jgw30yICMgFoXf,4.0,1.0,4.0
IolpW1ZCNtoD9YrnQ40v,vFgPWmSFwYPc9r65fTf1,1.0,0.0,1.0
vFgPWmSFwYPc9r65fTf1,IolpW1ZCNtoD9YrnQ40v,1.0,0.0,1.0
IolpW1ZCNtoD9YrnQ40v,viVc7jsnkLQomOhVMF4B,3.5,0.5,3.5
Kp6yx8A3QmPQoiZ8DDn9,4bYT8V7NDvQ1Pa2ZaqVE,1.5,0.0,1.5
4bYT8V7NDvQ1Pa2ZaqVE,Kp6yx8A3QmPQoiZ8DDn9,1.5,0.0,1.5
Kp6yx8A3QmPQoiZ8DDn9,7A9INpTW6kQvVQs5gt71,1.5,0.0,1.5
7A9INpTW6kQvVQs5gt71,Kp6yx8A3QmPQoiZ8DDn9,1.5,0.0,1.5
Kp6yx8A3QmPQoiZ8DDn9,Bt27Q8szNxm554djfjll,1.0,0.0,1.0
Bt27Q8szNxm554djfjll,Kp6yx8A3QmPQoiZ8DDn9,1.0,0.0,1.0
Kp6yx8A3QmPQoiZ8DDn9,IVtn7pbNSsIvCJAAYn50,1.0,0.0,1.0
IVtn7pbNSsIvCJAAYn50,Kp6yx8A3QmPQoiZ8DDn9,1.0,0.0,1.0
Kp6yx8A3QmPQoiZ8DDn9,RDDvMBaY0BGSm29brbBM,1.0,-0.5,1.0
RDDvMBaY0BGSm29brbBM,Kp6yx8A3QmPQoiZ8DDn9,1.0,-0.5,1.0
Kp6yx8A3QmPQoiZ8DDn9,T1gsMvM427m6KlWfOZNu,1.0,0.0,1.0
T1gsMvM427m6KlWfOZNu,Kp6yx8A3QmPQoiZ8DDn9,1.0,0.0,1.0
Kp6yx8A3QmPQoiZ8DDn9,cIpi3PKA28aZVfzfAta1,1.0,-0.5,1.0
cIpi3PKA28aZVfzfAta1,Kp6yx8A3QmPQoiZ8DDn9,1.0,-0.5,1.0
Kp6yx8A3QmPQoiZ8DDn9,oQrCwSAdGY4QZsS9vu5w,0.5,-0.5,0.5
oQrCwSAdGY4QZsS9vu5w,Kp6yx8A3QmPQoiZ8DDn9,0.5,-0.5,0.5
Kp6yx8A3QmPQoiZ8DDn9,pI6LGXXBSBIkc957N9Ot,0.5,-0.5,0.5
pI6LGXXBSBIkc957N9Ot,Kp6yx8A3QmPQoiZ8DDn9,0.5,-0.5,0.5
Kp6yx8A3QmPQoiZ8DDn9,tHWlZ9jgw30yICMgFoXf,4.0,1.0,4.0
Kp6yx8A3QmPQoiZ8DDn9,vFgPWmSFwYPc9r65fTf1,1.0,-1.0,1.0
Kp6yx8A3QmPQoiZ8DDn9,viVc7jsnkLQomOhVMF4B,0.5,0.0,0.5
viVc7jsnkLQomOhVMF4B,Kp6yx8A3QmPQoiZ8DDn9,0.5,0.0,0.5
LAKgBAbLVsVbiNcWC5gZ,27YAbqQppoprRet39Fu9,3.5,1.0,3.5
LAKgBAbLVsVbiNcWC5gZ,2FF9ioIbx9maoeSIbwT2,3.5,1.0,3.5
LAKgBAbLVsVbiNcWC5gZ,36WMVE0pyYvdHsGCfTN1,1.5,0.5,1.5
LAKgBAbLVsVbiNcWC5gZ,7A9INpTW6kQvVQs5gt71,3.0,0.5,3.0
LAKgBAbLVsVbiNcWC5gZ,Bt27Q8szNxm554djfjll,0.5,0.0,0.5
Bt27Q8szNxm554djfjll,LAKgBAbLVsVbiNcWC5gZ,0.5,0.0,0.5
LAKgBAbLVsVbiNcWC5gZ,CEBq3AGVvblVit4ToR4m,1.5,-0.5,1.5
LAKgBAbLVsVbiNcWC5gZ,E7XtUfs8onabdbjGzbBz,2.5,0.0,2.5
LAKgBAbLVsVbiNcWC5gZ,IVtn7pbNSsIvCJAAYn50,3.0,0.0,3.0
LAKgBAbLVsVbiNcWC5gZ,IZAkNWrgjXRAei6sZvSk,2.5,0.0,2.5
LAKgBAbLVsVbiNcWC5gZ,IolpW1ZCNtoD9YrnQ40v,3.0,0.5,3.0
LAKgBAbLVsVbiNcWC5gZ,N14I3RHG4eMTmv4hVYgV,2.0,0.5,2.0
LAKgBAbLVsVbiNcWC5gZ,P979GSMI95dxmUeufA3S,3.0,0.0,3.0
LAKgBAbLVsVbiNcWC5gZ,RDDvMBaY0BGSm29brbBM,3.5,0.0,3.5
LAKgBAbLVsVbiNcWC5gZ,ShEQOFjoJ3TbiyrdVSY8,3.0,1.0,3.0
LAKgBAbLVsVbiNcWC5gZ,T1gsMvM427m6KlWfOZNu,0.5,0.0,0.5
T1gsMvM427m6KlWfOZNu,LAKgBAbLVsVbiNcWC5gZ,0.5,0.0,0.5
LAKgBAbLVsVbiNcWC5gZ,T3zP8KWUqZa55oOnEYgK,1.5,0.0,1.5
LAKgBAbLVsVbiNcWC5gZ,VZ3Bl4mlCMtGEEF6i48v,5.0,0.5,5.0
LAKgBAbLVsVbiNcWC5gZ,cIpi3PKA28aZVfzfAta1,4.5,-0.5,4.5
LAKgBAbLVsVbiNcWC5gZ,f6BnhBjeRpHzoPFxN6nR,1.0,0.0,1.0
LAKgBAbLVsVbiNcWC5gZ,hclBpSpjdPeyfpag5X7D,2.5,-0.5,2.5
LAKgBAbLVsVbiNcWC5gZ,mtxx11BMiB5F18Gt3M0K,3.0,1.0,3.0
LAKgBAbLVsVbiNcWC5gZ,oQrCwSAdGY4QZsS9vu5w,2.5,-0.5,2.5
LAKgBAbLVsVbiNcWC5gZ,pI6LGXXBSBIkc957N9Ot,1.5,0.5,1.5
LAKgBAbLVsVbiNcWC5gZ,rKGYwNvNpJzLPEdk2WDH,1.5,0.5,1.5
LAKgBAbLVsVbiNcWC5gZ,rvnFpCYCUzSiMcz8uY9G,2.5,0.5,2.5
LAKgBAbLVsVbiNcWC5gZ,tHWlZ9jgw30yICMgFoXf,2.5,1.0,2.5
LAKgBAbLVsVbiNcWC5gZ,vFgPWmSFwYPc9r65fTf1,3.5,1.0,3.5
LAKgBAbLVsVbiNcWC5gZ,viVc7jsnkLQomOhVMF4B,4.0,1.0,4.0
N14I3RHG4eMTmv4hVYgV,27YAbqQppoprRet39Fu9,3.5,0.0,3.5
N14I3RHG4eMTmv4hVYgV,2FF9ioIbx9maoeSIbwT2,2.0,0.0,2.0
N14I3RHG4eMTmv4hVYgV,7A9INpTW6kQvVQs5gt71,2.0,0.0,2.0
N14I3RHG4eMTmv4hVYgV,E7XtUfs8onabdbjGzbBz,3.0,0.0,3.0
N14I3RHG4eMTmv4hVYgV,IVtn7pbNSsIvCJAAYn50,2.0,0.0,2.0
N14I3RHG4eMTmv4hVYgV,IZAkNWrgjXRAei6sZvSk,2.0,0.0,2.0
N14I3RHG4eMTmv4hVYgV,IolpW1ZCNtoD9YrnQ40v,1.5,0.0,1.5
N14I3RHG4eMTmv4hVYgV,LAKgBAbLVsVbiNcWC5gZ,2.0,0.5,2.0
N14I3RHG4eMTmv4hVYgV,P979GSMI95dxmUeufA3S,1.5,-0.5,1.5
N14I3RHG4eMTmv4hVYgV,RDDvMBaY0BGSm29brbBM,2.0,-0.5,2.0
N14I3RHG4eMTmv4hVYgV,ShEQOFjoJ3TbiyrdVSY8,1.0,0.0,1.0
N14I3RHG4eMTmv4hVYgV,T3zP8KWUqZa55oOnEYgK,0.5,0.0,0.5
T3zP8KWUqZa55oOnEYgK,N14I3RHG4eMTmv4hVYgV,0.5,0.0,0.5
N14I3RHG4eMTmv4hVYgV,VZ3Bl4mlCMtGEEF6i48v,1.5,0.0,1.5
N14I3RHG4eMTmv4hVYgV,cIpi3PKA28aZVfzfAta1,2.0,0.0,2.0
N14I3RHG4eMTmv4hVYgV,oQrCwSAdGY4QZsS9vu5w,2.0,0.0,2.0
N14I3RHG4eMTmv4hVYgV,rKGYwNvNpJzLPEdk2WDH,0.5,0.0,0.5
rKGYwNvNpJzLPEdk2WDH,N14I3RHG4eMTmv4hVYgV,0.5,0.0,0.5
N14I3RHG4eMTmv4hVYgV,tHWlZ9jgw30yICMgFoXf,0.5,0.0,0.5
tHWlZ9jgw30yICMgFoXf,N14I3RHG4eMTmv4hVYgV,0.5,0.0,0.5
N14I3RHG4eMTmv4hVYgV,vFgPWmSFwYPc9r65fTf1,3.5,0.0,3.5
P979GSMI95dxmUeufA3S,27YAbqQppoprRet39Fu9,2.0,-1.0,2.0
P979GSMI95dxmUeufA3S,2FF9ioIbx9maoeSIbwT2,4.0,0.0,4.0
P979GSMI95dxmUeufA3S,7A9INpTW6kQvVQs5gt71,2.5,-0.5,2.5
P979GSMI95dxmUeufA3S,CEBq3AGVvblVit4ToR4m,1.5,-0.5,1.5
P979GSMI95dxmUeufA3S,E7XtUfs8onabdbjGzbBz,2.0,-0.5,2.0
P979GSMI95dxmUeufA3S,IVtn7pbNSsIvCJAAYn50,2.5,1.0,2.5
P979GSMI95dxmUeufA3S,IZAkNWrgjXRAei6sZvSk,1.5,0.0,1.5
P979GSMI95dxmUeufA3S,IolpW1ZCNtoD9YrnQ40v,5.0,0.0,5.0
P979GSMI95dxmUeufA3S,LAKgBAbLVsVbiNcWC5gZ,3.0,0.0,3.0
P979GSMI95dxmUeufA3S,N14I3RHG4eMTmv4hVYgV,1.5,-0.5,1.5
P979GSMI95dxmUeufA3S,RDDvMBaY0BGSm29brbBM,3.5,0.5,3.5
P979GSMI95dxmUeufA3S,ShEQOFjoJ3TbiyrdVSY8,1.5,0.0,1.5
P979GSMI95dxmUeufA3S,T3zP8KWUqZa55oOnEYgK,2.0,0.0,2.0
P979GSMI95dxmUeufA3S,VZ3Bl4mlCMtGEEF6i48v,2.5,0.0,2.5
P979GSMI95dxmUeufA3S,cIpi3PKA28aZVfzfAta1,2.5,0.0,2.5
P979GSMI95dxmUeufA3S,f6BnhBjeRpHzoPFxN6nR,2.0,0.5,2.0
P979GSMI95dxmUeufA3S,hclBpSpjdPeyfpag5X7D,2.0,0.0,2.0
P979GSMI95dxmUeufA3S,mtxx11BMiB5F18Gt3M0K,1.0,0.0,1.0
P979GSMI95dxmUeufA3S,oQrCwSAdGY4QZsS9vu5w,1.5,0.0,1.5
P979GSMI95dxmUeufA3S,rKGYwNvNpJzLPEdk2WDH,3.0,1.0,3.0
P979GSMI95dxmUeufA3S,tHWlZ9jgw30yICMgFoXf,2.5,0.0,2.5
P979GSMI95dxmUeufA3S,vFgPWmSFwYPc9r65fTf1,2.5,-1.0,2.5
P979GSMI95dxmUeufA3S,viVc7jsnkLQomOhVMF4B,2.5,1.0,2.5
RDDvMBaY0BGSm29brbBM,27YAbqQppoprRet39Fu9,3.5,0.0,3.5
RDDvMBaY0BGSm29brbBM,2FF9ioIbx9maoeSIbwT2,3.0,0.5,3.0
RDDvMBaY0BGSm29brbBM,7A9INpTW6kQvVQs5gt71,4.0,0.0,4.0
RDDvMBaY0BGSm29brbBM,CEBq3AGVvblVit4ToR4m,1.5,-0.5,1.5
RDDvMBaY0BGSm29brbBM,E7XtUfs8onabdbjGzbBz,2.5,-0.5,2.5
RDDvMBaY0BGSm29brbBM,IVtn7pbNSsIvCJAAYn50,2.5,-1.0,2.5
RDDvMBaY0BGSm29brbBM,IZAkNWrgjXRAei6sZvSk,2.5,-0.5,2.5
RDDvMBaY0BGSm29brbBM,IolpW1ZCNtoD9YrnQ40v,3.0,-1.0,3.0
RDDvMBaY0BGSm29brbBM,LAKgBAbLVsVbiNcWC5gZ,3.5,0.0,3.5
RDDvMBaY0BGSm29brbBM,N14I3RHG4eMTmv4hVYgV,2.0,-0.5,2.0
RDDvMBaY0BGSm29brbBM,P979GSMI95dxmUeufA3S,3.5,0.5,3.5
RDDvMBaY0BGSm29brbBM,ShEQOFjoJ3TbiyrdVSY8,2.0,0.5,2.0
RDDvMBaY0BGSm29brbBM,T1gsMvM427m6KlWfOZNu,1.0,-0.5,1.0
RDDvMBaY0BGSm29brbBM,T3zP8KWUqZa55oOnEYgK,2.0,0.0,2.0
RDDvMBaY0BGSm29brbBM,VZ3Bl4mlCMtGEEF6i48v,3.0,-0.5,3.0
RDDvMBaY0BGSm29brbBM,cIpi3PKA28aZVfzfAta1,4.0,-0.5,4.0
RDDvMBaY0BGSm29brbBM,f6BnhBjeRpHzoPFxN6nR,1.0,0.5,1.0
RDDvMBaY0BGSm29brbBM,hclBpSpjdPeyfpag5X7D,2.0,-0.5,2.0
RDDvMBaY0BGSm29brbBM,mtxx11BMiB5F18Gt3M0K,1.0,0.0,1.0
RDDvMBaY0BGSm29brbBM,oQrCwSAdGY4QZsS9vu5w,2.0,0.0,2.0
RDDvMBaY0BGSm29brbBM,pI6LGXXBSBIkc957N9Ot,0.5,-0.5,0.5
pI6LGXXBSBIkc957N9Ot,RDDvMBaY0BGSm29brbBM,0.5,-0.5,0.5
RDDvMBaY0BGSm29brbBM,rKGYwNvNpJzLPEdk2WDH,1.5,-0.5,1.5
RDDvMBaY0BGSm29brbBM,tHWlZ9jgw30yICMgFoXf,4.5,0.0,4.5
RDDvMBaY0BGSm29brbBM,vFgPWmSFwYPc9r65fTf1,3.5,-0.5,3.5
RDDvMBaY0BGSm29brbBM,viVc7jsnkLQomOhVMF4B,3.0,0.0,3.0
ShEQOFjoJ3TbiyrdVSY8,27YAbqQppoprRet39Fu9,3.5,1.0,3.5
ShEQOFjoJ3TbiyrdVSY8,2FF9ioIbx9maoeSIbwT2,3.0,1.0,3.0
ShEQOFjoJ3TbiyrdVSY8,7A9INpTW6kQvVQs5gt71,2.5,1.0,2.5
ShEQOFjoJ3TbiyrdVSY8,CEBq3AGVvblVit4ToR4m,1.5,-0.5,1.5
ShEQOFjoJ3TbiyrdVSY8,E7XtUfs8onabdbjGzbBz,2.5,0.0,2.5
ShEQOFjoJ3TbiyrdVSY8,IVtn7pbNSsIvCJAAYn50,4.0,1.0,4.0
ShEQOFjoJ3TbiyrdVSY8,IZAkNWrgjXRAei6sZvSk,2.5,0.5,2.5
ShEQOFjoJ3TbiyrdVSY8,IolpW1ZCNtoD9YrnQ40v,2.5,0.5,2.5
ShEQOFjoJ3TbiyrdVSY8,LAKgBAbLVsVbiNcWC5gZ,3.0,1.0,3.0
ShEQOFjoJ3TbiyrdVSY8,N14I3RHG4eMTmv4hVYgV,1.0,0.0,1.0
ShEQOFjoJ3TbiyrdVSY8,P979GSMI95dxmUeufA3S,1.5,0.0,1.5
ShEQOFjoJ3TbiyrdVSY8,RDDvMBaY0BGSm29brbBM,2.0,0.5,2.0
ShEQOFjoJ3TbiyrdVSY8,T3zP8KWUqZa55oOnEYgK,3.5,1.0,3.5
ShEQOFjoJ3TbiyrdVSY8,VZ3Bl4mlCMtGEEF6i48v,2.0,0.0,2.0
ShEQOFjoJ3TbiyrdVSY8,cIpi3PKA28aZVfzfAta1,3.0,0.5,3.0
ShEQOFjoJ3TbiyrdVSY8,hclBpSpjdPeyfpag5X7D,2.0,0.0,2.0
ShEQOFjoJ3TbiyrdVSY8,mtxx11BMiB5F18Gt3M0K,5.0,0.5,5.0
ShEQOFjoJ3TbiyrdVSY8,oQrCwSAdGY4QZsS9vu5w,2.5,0.0,2.5
ShEQOFjoJ3TbiyrdVSY8,rKGYwNvNpJzLPEdk2WDH,4.5,1.0,4.5
ShEQOFjoJ3TbiyrdVSY8,rvnFpCYCUzSiMcz8uY9G,1.5,0.0,1.5
ShEQOFjoJ3TbiyrdVSY8,tHWlZ9jgw30yICMgFoXf,1.5,0.0,1.5
ShEQOFjoJ3TbiyrdVSY8,vFgPWmSFwYPc9r65fTf1,1.5,0.0,1.5
ShEQOFjoJ3TbiyrdVSY8,viVc7jsnkLQomOhVMF4B,2.5,1.0,2.5
T1gsMvM427m6KlWfOZNu,4bYT8V7NDvQ1Pa2ZaqVE,1.0,0.0,1.0
T1gsMvM427m6KlWfOZNu,7A9INpTW6kQvVQs5gt71,1.0,0.5,1.0
T1gsMvM427m6KlWfOZNu,CEBq3AGVvblVit4ToR4m,1.0,0.0,1.0
T1gsMvM427m6KlWfOZNu,E7XtUfs8onabdbjGzbBz,3.5,-0.5,3.5
T1gsMvM427m6KlWfOZNu,IVtn7pbNSsIvCJAAYn50,1.0,0.0,1.0
T1gsMvM427m6KlWfOZNu,IZAkNWrgjXRAei6sZvSk,2.5,-0.5,2.5
T1gsMvM427m6KlWfOZNu,N14I3RHG4eMTmv4hVYgV,1.0,0.0,1.0
N14I3RHG4eMTmv4hVYgV,T1gsMvM427m6KlWfOZNu,1.0,0.0,1.0
T1gsMvM427m6KlWfOZNu,RDDvMBaY0BGSm29brbBM,1.0,-0.5,1.0
T1gsMvM427m6KlWfOZNu,mtxx11BMiB5F18Gt3M0K,1.0,0.0,1.0
T1gsMvM427m6KlWfOZNu,rvnFpCYCUzSiMcz8uY9G,1.5,0.0,1.5
T1gsMvM427m6KlWfOZNu,tHWlZ9jgw30yICMgFoXf,2.5,0.5,2.5
T1gsMvM427m6KlWfOZNu,vFgPWmSFwYPc9r65fTf1,1.5,-0.5,1.5
T3zP8KWUqZa55oOnEYgK,27YAbqQppoprRet39Fu9,1.5,0.5,1.5
T3zP8KWUqZa55oOnEYgK,2FF9ioIbx9maoeSIbwT2,3.5,0.5,3.5
T3zP8KWUqZa55oOnEYgK,7A9INpTW6kQvVQs5gt71,4.0,0.0,4.0
T3zP8KWUqZa55oOnEYgK,CEBq3AGVvblVit4ToR4m,1.5,0.5,1.5
T3zP8KWUqZa55oOnEYgK,E7XtUfs8onabdbjGzbBz,1.5,0.0,1.5
T3zP8KWUqZa55oOnEYgK,IVtn7pbNSsIvCJAAYn50,5.0,1.0,5.0
T3zP8KWUqZa55oOnEYgK,IZAkNWrgjXRAei6sZvSk,3.0,0.5,3.0
T3zP8KWUqZa55oOnEYgK,IolpW1ZCNtoD9YrnQ40v,5.0,0.5,5.0
T3zP8KWUqZa55oOnEYgK,LAKgBAbLVsVbiNcWC5gZ,1.5,0.0,1.5
T3zP8KWUqZa55oOnEYgK,P979GSMI95dxmUeufA3S,2.0,0.0,2.0
T3zP8KWUqZa55oOnEYgK,RDDvMBaY0BGSm29brbBM,2.0,0.0,2.0
T3zP8KWUqZa55oOnEYgK,ShEQOFjoJ3TbiyrdVSY8,3.5,1.0,3.5
T3zP8KWUqZa55oOnEYgK,VZ3Bl4mlCMtGEEF6i48v,1.0,0.0,1.0
T3zP8KWUqZa55oOnEYgK,cIpi3PKA28aZVfzfAta1,3.0,0.5,3.0
T3zP8KWUqZa55oOnEYgK,f6BnhBjeRpHzoPFxN6nR,2.0,0.0,2.0
T3zP8KWUqZa55oOnEYgK,hclBpSpjdPeyfpag5X7D,1.5,0.0,1.5
T3zP8KWUqZa55oOnEYgK,mtxx11BMiB5F18Gt3M0K,4.5,0.0,4.5
T3zP8KWUqZa55oOnEYgK,oQrCwSAdGY4QZsS9vu5w,2.5,0.5,2.5
T3zP8KWUqZa55oOnEYgK,pI6LGXXBSBIkc957N9Ot,2.0,0.5,2.0
T3zP8KWUqZa55oOnEYgK,rKGYwNvNpJzLPEdk2WDH,1.0,0.0,1.0
T3zP8KWUqZa55oOnEYgK,tHWlZ9jgw30yICMgFoXf,3.0,0.5,3.0
T3zP8KWUqZa55oOnEYgK,vFgPWmSFwYPc9r65fTf1,2.0,0.0,2.0
T3zP8KWUqZa55oOnEYgK,viVc7jsnkLQomOhVMF4B,4.5,1.0,4.5
VZ3Bl4mlCMtGEEF6i48v,27YAbqQppoprRet39Fu9,3.0,0.5,3.0
VZ3Bl4mlCMtGEEF6i48v,2FF9ioIbx9maoeSIbwT2,3.0,1.0,3.0
VZ3Bl4mlCMtGEEF6i48v,36WMVE0pyYvdHsGCfTN1,0.5,0.0,0.5
36WMVE0pyYvdHsGCfTN1,VZ3Bl4mlCMtGEEF6i48v,0.5,0.0,0.5
VZ3Bl4mlCMtGEEF6i48v,7A9INpTW6kQvVQs5gt71,2.5,0.5,2.5
VZ3Bl4mlCMtGEEF6i48v,Bt27Q8szNxm554djfjll,1.5,0.0,1.5
VZ3Bl4mlCMtGEEF6i48v,E7XtUfs8onabdbjGzbBz,1.5,0.0,1.5
VZ3Bl4mlCMtGEEF6i48v,IVtn7pbNSsIvCJAAYn50,2.0,-1.0,2.0
VZ3Bl4mlCMtGEEF6i48v,IZAkNWrgjXRAei6sZvSk,1.0,0.0,1.0
VZ3Bl4mlCMtGEEF6i48v,IolpW1ZCNtoD9YrnQ40v,3.0,0.5,3.0
VZ3Bl4mlCMtGEEF6i48v,LAKgBAbLVsVbiNcWC5gZ,5.0,0.5,5.0
VZ3Bl4mlCMtGEEF6i48v,N14I3RHG4eMTmv4hVYgV,1.5,0.0,1.5
VZ3Bl4mlCMtGEEF6i48v,P979GSMI95dxmUeufA3S,2.5,0.0,2.5
VZ3Bl4mlCMtGEEF6i48v,RDDvMBaY0BGSm29brbBM,3.0,-0.5,3.0
VZ3Bl4mlCMtGEEF6i48v,ShEQOFjoJ3TbiyrdVSY8,2.0,0.0,2.0
VZ3Bl4mlCMtGEEF6i48v,T3zP8KWUqZa55oOnEYgK,1.0,0.0,1.0
VZ3Bl4mlCMtGEEF6i48v,cIpi3PKA28aZVfzfAta1,3.5,-1.0,3.5
VZ3Bl4mlCMtGEEF6i48v,f6BnhBjeRpHzoPFxN6nR,1.0,0.0,1.0
VZ3Bl4mlCMtGEEF6i48v,hclBpSpjdPeyfpag5X7D,1.0,0.0,1.0
VZ3Bl4mlCMtGEEF6i48v,mtxx11BMiB5F18Gt3M0K,1.0,0.0,1.0
VZ3Bl4mlCMtGEEF6i48v,oQrCwSAdGY4QZsS9vu5w,2.0,0.0,2.0
VZ3Bl4mlCMtGEEF6i48v,rKGYwNvNpJzLPEdk2WDH,1.0,0.0,1.0
VZ3Bl4mlCMtGEEF6i48v,rvnFpCYCUzSiMcz8uY9G,2.5,0.0,2.5
VZ3Bl4mlCMtGEEF6i48v,tHWlZ9jgw30yICMgFoXf,2.0,-0.5,2.0
VZ3Bl4mlCMtGEEF6i48v,vFgPWmSFwYPc9r65fTf1,3.0,1.0,3.0
VZ3Bl4mlCMtGEEF6i48v,viVc7jsnkLQomOhVMF4B,3.5,0.0,3.5
cIpi3PKA28aZVfzfAta1,27YAbqQppoprRet39Fu9,3.0,0.0,3.0
cIpi3PKA28aZVfzfAta1,2FF9ioIbx9maoeSIbwT2,3.5,1.0,3.5
cIpi3PKA28aZVfzfAta1,7A9INpTW6kQvVQs5gt71,3.0,-0.5,3.0
cIpi3PKA28aZVfzfAta1,CEBq3AGVvblVit4ToR4m,2.5,-0.5,2.5
cIpi3PKA28aZVfzfAta1,E7XtUfs8onabdbjGzbBz,2.0,0.0,2.0
cIpi3PKA28aZVfzfAta1,IVtn7pbNSsIvCJAAYn50,3.5,-0.5,3.5
cIpi3PKA28aZVfzfAta1,IZAkNWrgjXRAei6sZvSk,3.0,0.0,3.0
cIpi3PKA28aZVfzfAta1,IolpW1ZCNtoD9YrnQ40v,2.5,0.0,2.5
cIpi3PKA28aZVfzfAta1,LAKgBAbLVsVbiNcWC5gZ,4.5,-0.5,4.5
cIpi3PKA28aZVfzfAta1,N14I3RHG4eMTmv4hVYgV,2.0,0.0,2.0
cIpi3PKA28aZVfzfAta1,P979GSMI95dxmUeufA3S,2.5,0.0,2.5
cIpi3PKA28aZVfzfAta1,RDDvMBaY0BGSm29brbBM,4.0,-0.5,4.0
cIpi3PKA28aZVfzfAta1,ShEQOFjoJ3TbiyrdVSY8,3.0,0.5,3.0
cIpi3PKA28aZVfzfAta1,T3zP8KWUqZa55oOnEYgK,3.0,0.5,3.0
cIpi3PKA28aZVfzfAta1,VZ3Bl4mlCMtGEEF6i48v,3.5,-1.0,3.5
cIpi3PKA28aZVfzfAta1,f6BnhBjeRpHzoPFxN6nR,2.0,-0.5,2.0
cIpi3PKA28aZVfzfAta1,hclBpSpjdPeyfpag5X7D,3.0,0.0,3.0
cIpi3PKA28aZVfzfAta1,mtxx11BMiB5F18Gt3M0K,3.0,0.0,3.0
cIpi3PKA28aZVfzfAta1,oQrCwSAdGY4QZsS9vu5w,3.0,0.0,3.0
cIpi3PKA28aZVfzfAta1,rKGYwNvNpJzLPEdk2WDH,2.5,0.0,2.5
cIpi3PKA28aZVfzfAta1,rvnFpCYCUzSiMcz8uY9G,2.0,0.0,2.0
cIpi3PKA28aZVfzfAta1,tHWlZ9jgw30yICMgFoXf,2.5,0.5,2.5
cIpi3PKA28aZVfzfAta1,vFgPWmSFwYPc9r65fTf1,2.5,-0.5,2.5
cIpi3PKA28aZVfzfAta1,viVc7jsnkLQomOhVMF4B,4.0,0.0,4.0
f6BnhBjeRpHzoPFxN6nR,27YAbqQppoprRet39Fu9,1.0,0.0,1.0
f6BnhBjeRpHzoPFxN6nR,2FF9ioIbx9maoeSIbwT2,0.5,0.5,0.5
2FF9ioIbx9maoeSIbwT2,f6BnhBjeRpHzoPFxN6nR,0.5,0.5,0.5
f6BnhBjeRpHzoPFxN6nR,7A9INpTW6kQvVQs5gt71,2.5,-1.0,2.5
f6BnhBjeRpHzoPFxN6nR,CEBq3AGVvblVit4ToR4m,2.5,-0.5,2.5
f6BnhBjeRpHzoPFxN6nR,E7XtUfs8onabdbjGzbBz,2.5,1.0,2.5
f6BnhBjeRpHzoPFxN6nR,IVtn7pbNSsIvCJAAYn50,2.0,0.5,2.0
f6BnhBjeRpHzoPFxN6nR,IZAkNWrgjXRAei6sZvSk,1.0,0.0,1.0
f6BnhBjeRpHzoPFxN6nR,IolpW1ZCNtoD9YrnQ40v,2.0,0.5,2.0
f6BnhBjeRpHzoPFxN6nR,LAKgBAbLVsVbiNcWC5gZ,1.0,0.0,1.0
f6BnhBjeRpHzoPFxN6nR,P979GSMI95dxmUeufA3S,2.0,0.5,2.0
f6BnhBjeRpHzoPFxN6nR,RDDvMBaY0BGSm29brbBM,1.0,0.5,1.0
f6BnhBjeRpHzoPFxN6nR,T3zP8KWUqZa55oOnEYgK,2.0,0.0,2.0
f6BnhBjeRpHzoPFxN6nR,VZ3Bl4mlCMtGEEF6i48v,1.0,0.0,1.0
f6BnhBjeRpHzoPFxN6nR,cIpi3PKA28aZVfzfAta1,2.0,-0.5,2.0
f6BnhBjeRpHzoPFxN6nR,mtxx11BMiB5F18Gt3M0K,2.0,-1.0,2.0
f6BnhBjeRpHzoPFxN6nR,pI6LGXXBSBIkc957N9Ot,2.5,0.5,2.5
f6BnhBjeRpHzoPFxN6nR,rKGYwNvNpJzLPEdk2WDH,2.0,-0.5,2.0
f6BnhBjeRpHzoPFxN6nR,vFgPWmSFwYPc9r65fTf1,1.0,0.5,1.0
f6BnhBjeRpHzoPFxN6nR,viVc7jsnkLQomOhVMF4B,1.0,0.0,1.0
hclBpSpjdPeyfpag5X7D,27YAbqQppoprRet39Fu9,2.5,-0.5,2.5
hclBpSpjdPeyfpag5X7D,2FF9ioIbx9maoeSIbwT2,2.0,-0.5,2.0
hclBpSpjdPeyfpag5X7D,7A9INpTW6kQvVQs5gt71,2.5,0.0,2.5
hclBpSpjdPeyfpag5X7D,Bt27Q8szNxm554djfjll,1.0,0.0,1.0
Bt27Q8szNxm554djfjll,hclBpSpjdPeyfpag5X7D,1.0,0.0,1.0
hclBpSpjdPeyfpag5X7D,CEBq3AGVvblVit4ToR4m,3.5,0.0,3.5
hclBpSpjdPeyfpag5X7D,E7XtUfs8onabdbjGzbBz,1.5,0.0,1.5
hclBpSpjdPeyfpag5X7D,IVtn7pbNSsIvCJAAYn50,3.0,0.0,3.0
hclBpSpjdPeyfpag5X7D,IZAkNWrgjXRAei6sZvSk,4.0,0.0,4.0
hclBpSpjdPeyfpag5X7D,IolpW1ZCNtoD9YrnQ40v,1.5,0.0,1.5
hclBpSpjdPeyfpag5X7D,Kp6yx8A3QmPQoiZ8DDn9,1.0,0.0,1.0
Kp6yx8A3QmPQoiZ8DDn9,hclBpSpjdPeyfpag5X7D,1.0,0.0,1.0
hclBpSpjdPeyfpag5X7D,LAKgBAbLVsVbiNcWC5gZ,2.5,-0.5,2.5
hclBpSpjdPeyfpag5X7D,N14I3RHG4eMTmv4hVYgV,1.0,0.0,1.0
N14I3RHG4eMTmv4hVYgV,hclBpSpjdPeyfpag5X7D,1.0,0.0,1.0
hclBpSpjdPeyfpag5X7D,P979GSMI95dxmUeufA3S,2.0,0.0,2.0
hclBpSpjdPeyfpag5X7D,RDDvMBaY0BGSm29brbBM,2.0,-0.5,2.0
hclBpSpjdPeyfpag5X7D,ShEQOFjoJ3TbiyrdVSY8,2.0,0.0,2.0
hclBpSpjdPeyfpag5X7D,T3zP8KWUqZa55oOnEYgK,1.5,0.0,1.5
hclBpSpjdPeyfpag5X7D,VZ3Bl4mlCMtGEEF6i48v,1.0,0.0,1.0
hclBpSpjdPeyfpag5X7D,cIpi3PKA28aZVfzfAta1,3.0,0.0,3.0
hclBpSpjdPeyfpag5X7D,mtxx11BMiB5F18Gt3M0K,1.0,0.5,1.0
hclBpSpjdPeyfpag5X7D,oQrCwSAdGY4QZsS9vu5w,4.5,1.0,4.5
hclBpSpjdPeyfpag5X7D,rKGYwNvNpJzLPEdk2WDH,1.0,0.0,1.0
hclBpSpjdPeyfpag5X7D,tHWlZ9jgw30yICMgFoXf,2.0,0.0,2.0
hclBpSpjdPeyfpag5X7D,vFgPWmSFwYPc9r65fTf1,2.5,-0.5,2.5
hclBpSpjdPeyfpag5X7D,viVc7jsnkLQomOhVMF4B,4.0,0.5,4.0
mtxx11BMiB5F18Gt3M0K,27YAbqQppoprRet39Fu9,1.5,0.5,1.5
mtxx11BMiB5F18Gt3M0K,2FF9ioIbx9maoeSIbwT2,3.0,0.5,3.0
mtxx11BMiB5F18Gt3M0K,36WMVE0pyYvdHsGCfTN1,2.0,0.5,2.0
mtxx11BMiB5F18Gt3M0K,7A9INpTW6kQvVQs5gt71,3.0,1.0,3.0
mtxx11BMiB5F18Gt3M0K,Bt27Q8szNxm554djfjll,2.5,0.0,2.5
mtxx11BMiB5F18Gt3M0K,CEBq3AGVvblVit4ToR4m,1.0,0.0,1.0
mtxx11BMiB5F18Gt3M0K,E7XtUfs8onabdbjGzbBz,1.5,0.0,1.5
mtxx11BMiB5F18Gt3M0K,IVtn7pbNSsIvCJAAYn50,3.5,1.0,3.5
mtxx11BMiB5F18Gt3M0K,IZAkNWrgjXRAei6sZvSk,1.0,0.0,1.0
mtxx11BMiB5F18Gt3M0K,IolpW1ZCNtoD9YrnQ40v,3.5,1.0,3.5
mtxx11BMiB5F18Gt3M0K,LAKgBAbLVsVbiNcWC5gZ,3.0,1.0,3.0
mtxx11BMiB5F18Gt3M0K,N14I3RHG4eMTmv4hVYgV,1.0,0.0,1.0
N14I3RHG4eMTmv4hVYgV,mtxx11BMiB5F18Gt3M0K,1.0,0.0,1.0
mtxx11BMiB5F18Gt3M0K,P979GSMI95dxmUeufA3S,1.0,0.0,1.0
mtxx11BMiB5F18Gt3M0K,RDDvMBaY0BGSm29brbBM,1.0,0.0,1.0
mtxx11BMiB5F18Gt3M0K,ShEQOFjoJ3TbiyrdVSY8,5.0,0.5,5.0
mtxx11BMiB5F18Gt3M0K,T1gsMvM427m6KlWfOZNu,1.0,0.0,1.0
mtxx11BMiB5F18Gt3M0K,T3zP8KWUqZa55oOnEYgK,4.5,0.0,4.5
mtxx11BMiB5F18Gt3M0K,VZ3Bl4mlCMtGEEF6i48v,1.0,0.0,1.0
mtxx11BMiB5F18Gt3M0K,cIpi3PKA28aZVfzfAta1,3.0,0.0,3.0
mtxx11BMiB5F18Gt3M0K,f6BnhBjeRpHzoPFxN6nR,2.0,-1.0,2.0
mtxx11BMiB5F18Gt3M0K,hclBpSpjdPeyfpag5X7D,1.0,0.5,1.0
mtxx11BMiB5F18Gt3M0K,oQrCwSAdGY4QZsS9vu5w,3.0,0.5,3.0
mtxx11BMiB5F18Gt3M0K,pI6LGXXBSBIkc957N9Ot,2.0,1.0,2.0
mtxx11BMiB5F18Gt3M0K,rKGYwNvNpJzLPEdk2WDH,3.0,0.5,3.0
mtxx11BMiB5F18Gt3M0K,tHWlZ9jgw30yICMgFoXf,2.0,0.0,2.0
mtxx11BMiB5F18Gt3M0K,vFgPWmSFwYPc9r65fTf1,2.5,0.5,2.5
mtxx11BMiB5F18Gt3M0K,viVc7jsnkLQomOhVMF4B,3.0,1.0,3.0
oQrCwSAdGY4QZsS9vu5w,27YAbqQppoprRet39Fu9,3.0,0.0,3.0
oQrCwSAdGY4QZsS9vu5w,2FF9ioIbx9maoeSIbwT2,2.5,0.0,2.5
oQrCwSAdGY4QZsS9vu5w,7A9INpTW6kQvVQs5gt71,3.0,0.0,3.0
oQrCwSAdGY4QZsS9vu5w,Bt27Q8szNxm554djfjll,3.0,0.0,3.0
oQrCwSAdGY4QZsS9vu5w,CEBq3AGVvblVit4ToR4m,3.5,0.0,3.5
oQrCwSAdGY4QZsS9vu5w,E7XtUfs8onabdbjGzbBz,2.5,0.0,2.5
oQrCwSAdGY4QZsS9vu5w,IVtn7pbNSsIvCJAAYn50,3.5,-0.5,3.5
oQrCwSAdGY4QZsS9vu5w,IZAkNWrgjXRAei6sZvSk,4.0,0.0,4.0
oQrCwSAdGY4QZsS9vu5w,IolpW1ZCNtoD9YrnQ40v,2.5,0.0,2.5
oQrCwSAdGY4QZsS9vu5w,LAKgBAbLVsVbiNcWC5gZ,2.5,-0.5,2.5
oQrCwSAdGY4QZsS9vu5w,N14I3RHG4eMTmv4hVYgV,2.0,0.0,2.0
oQrCwSAdGY4QZsS9vu5w,P979GSMI95dxmUeufA3S,1.5,0.0,1.5
oQrCwSAdGY4QZsS9vu5w,RDDvMBaY0BGSm29brbBM,2.0,0.0,2.0
oQrCwSAdGY4QZsS9vu5w,ShEQOFjoJ3TbiyrdVSY8,2.5,0.0,2.5
oQrCwSAdGY4QZsS9vu5w,T1gsMvM427m6KlWfOZNu,0.5,0.0,0.5
T1gsMvM427m6KlWfOZNu,oQrCwSAdGY4QZsS9vu5w,0.5,0.0,0.5
oQrCwSAdGY4QZsS9vu5w,T3zP8KWUqZa55oOnEYgK,2.5,0.5,2.5
oQrCwSAdGY4QZsS9vu5w,VZ3Bl4mlCMtGEEF6i48v,2.0,0.0,2.0
oQrCwSAdGY4QZsS9vu5w,cIpi3PKA28aZVfzfAta1,3.0,0.0,3.0
oQrCwSAdGY4QZsS9vu5w,hclBpSpjdPeyfpag5X7D,4.5,1.0,4.5
oQrCwSAdGY4QZsS9vu5w,mtxx11BMiB5F18Gt3M0K,3.0,0.5,3.0
oQrCwSAdGY4QZsS9vu5w,rKGYwNvNpJzLPEdk2WDH,2.0,0.0,2.0
oQrCwSAdGY4QZsS9vu5w,tHWlZ9jgw30yICMgFoXf,2.0,1.0,2.0
oQrCwSAdGY4QZsS9vu5w,vFgPWmSFwYPc9r65fTf1,2.5,0.0,2.5
oQrCwSAdGY4QZsS9vu5w,viVc7jsnkLQomOhVMF4B,4.0,0.0,4.0
pI6LGXXBSBIkc957N9Ot,27YAbqQppoprRet39Fu9,0.5,0.0,0.5
27YAbqQppoprRet39Fu9,pI6LGXXBSBIkc957N9Ot,0.5,0.0,0.5
pI6LGXXBSBIkc957N9Ot,2FF9ioIbx9maoeSIbwT2,1.0,0.0,1.0
pI6LGXXBSBIkc957N9Ot,36WMVE0pyYvdHsGCfTN1,4.0,1.0,4.0
pI6LGXXBSBIkc957N9Ot,7A9INpTW6kQvVQs5gt71,2.0,1.0,2.0
pI6LGXXBSBIkc957N9Ot,E7XtUfs8onabdbjGzbBz,2.5,0.5,2.5
pI6LGXXBSBIkc957N9Ot,IVtn7pbNSsIvCJAAYn50,1.5,0.0,1.5
pI6LGXXBSBIkc957N9Ot,IZAkNWrgjXRAei6sZvSk,1.0,0.0,1.0
IZAkNWrgjXRAei6sZvSk,pI6LGXXBSBIkc957N9Ot,1.0,0.0,1.0
pI6LGXXBSBIkc957N9Ot,IolpW1ZCNtoD9YrnQ40v,3.5,1.0,3.5
pI6LGXXBSBIkc957N9Ot,LAKgBAbLVsVbiNcWC5gZ,1.5,0.5,1.5
pI6LGXXBSBIkc957N9Ot,N14I3RHG4eMTmv4hVYgV,1.5,0.5,1.5
N14I3RHG4eMTmv4hVYgV,pI6LGXXBSBIkc957N9Ot,1.5,0.5,1.5
pI6LGXXBSBIkc957N9Ot,P979GSMI95dxmUeufA3S,0.5,0.0,0.5
P979GSMI95dxmUeufA3S,pI6LGXXBSBIkc957N9Ot,0.5,0.0,0.5
pI6LGXXBSBIkc957N9Ot,ShEQOFjoJ3TbiyrdVSY8,1.0,0.5,1.0
ShEQOFjoJ3TbiyrdVSY8,pI6LGXXBSBIkc957N9Ot,1.0,0.5,1.0
pI6LGXXBSBIkc957N9Ot,T1gsMvM427m6KlWfOZNu,0.5,0.0,0.5
T1gsMvM427m6KlWfOZNu,pI6LGXXBSBIkc957N9Ot,0.5,0.0,0.5
pI6LGXXBSBIkc957N9Ot,T3zP8KWUqZa55oOnEYgK,2.0,0.5,2.0
pI6LGXXBSBIkc957N9Ot,cIpi3PKA28aZVfzfAta1,1.0,0.0,1.0
cIpi3PKA28aZVfzfAta1,pI6LGXXBSBIkc957N9Ot,1.0,0.0,1.0
pI6LGXXBSBIkc957N9Ot,f6BnhBjeRpHzoPFxN6nR,2.5,0.5,2.5
pI6LGXXBSBIkc957N9Ot,hclBpSpjdPeyfpag5X7D,0.5,0.0,0.5
hclBpSpjdPeyfpag5X7D,pI6LGXXBSBIkc957N9Ot,0.5,0.0,0.5
pI6LGXXBSBIkc957N9Ot,mtxx11BMiB5F18Gt3M0K,2.0,1.0,2.0
pI6LGXXBSBIkc957N9Ot,oQrCwSAdGY4QZsS9vu5w,0.5,0.0,0.5
oQrCwSAdGY4QZsS9vu5w,pI6LGXXBSBIkc957N9Ot,0.5,0.0,0.5
pI6LGXXBSBIkc957N9Ot,tHWlZ9jgw30yICMgFoXf,1.5,0.0,1.5
pI6LGXXBSBIkc957N9Ot,viVc7jsnkLQomOhVMF4B,2.5,0.5,2.5
rKGYwNvNpJzLPEdk2WDH,27YAbqQppoprRet39Fu9,1.5,-0.5,1.5
rKGYwNvNpJzLPEdk2WDH,2FF9ioIbx9maoeSIbwT2,1.5,-0.5,1.5
rKGYwNvNpJzLPEdk2WDH,7A9INpTW6kQvVQs5gt71,2.0,0.5,2.0
rKGYwNvNpJzLPEdk2WDH,CEBq3AGVvblVit4ToR4m,1.0,-0.5,1.0
rKGYwNvNpJzLPEdk2WDH,E7XtUfs8onabdbjGzbBz,1.5,0.0,1.5
rKGYwNvNpJzLPEdk2WDH,IVtn7pbNSsIvCJAAYn50,1.5,-0.5,1.5
rKGYwNvNpJzLPEdk2WDH,IZAkNWrgjXRAei6sZvSk,1.0,-0.5,1.0
rKGYwNvNpJzLPEdk2WDH,IolpW1ZCNtoD9YrnQ40v,2.0,-0.5,2.0
rKGYwNvNpJzLPEdk2WDH,LAKgBAbLVsVbiNcWC5gZ,1.5,0.5,1.5
rKGYwNvNpJzLPEdk2WDH,P979GSMI95dxmUeufA3S,3.0,1.0,3.0
rKGYwNvNpJzLPEdk2WDH,RDDvMBaY0BGSm29brbBM,1.5,-0.5,1.5
rKGYwNvNpJzLPEdk2WDH,ShEQOFjoJ3TbiyrdVSY8,4.5,1.0,4.5
rKGYwNvNpJzLPEdk2WDH,T3zP8KWUqZa55oOnEYgK,1.0,0.0,1.0
rKGYwNvNpJzLPEdk2WDH,VZ3Bl4mlCMtGEEF6i48v,1.0,0.0,1.0
rKGYwNvNpJzLPEdk2WDH,cIpi3PKA28aZVfzfAta1,2.5,0.0,2.5
rKGYwNvNpJzLPEdk2WDH,f6BnhBjeRpHzoPFxN6nR,2.0,-0.5,2.0
rKGYwNvNpJzLPEdk2WDH,hclBpSpjdPeyfpag5X7D,1.0,0.0,1.0
rKGYwNvNpJzLPEdk2WDH,mtxx11BMiB5F18Gt3M0K,3.0,0.5,3.0
rKGYwNvNpJzLPEdk2WDH,oQrCwSAdGY4QZsS9vu5w,2.0,0.0,2.0
rKGYwNvNpJzLPEdk2WDH,tHWlZ9jgw30yICMgFoXf,1.5,0.0,1.5
rKGYwNvNpJzLPEdk2WDH,vFgPWmSFwYPc9r65fTf1,1.0,0.0,1.0
rKGYwNvNpJzLPEdk2WDH,viVc7jsnkLQomOhVMF4B,3.0,-1.0,3.0
rvnFpCYCUzSiMcz8uY9G,27YAbqQppoprRet39Fu9,2.5,0.5,2.5
rvnFpCYCUzSiMcz8uY9G,2FF9ioIbx9maoeSIbwT2,2.5,1.0,2.5
rvnFpCYCUzSiMcz8uY9G,36WMVE0pyYvdHsGCfTN1,0.5,0.0,0.5
36WMVE0pyYvdHsGCfTN1,rvnFpCYCUzSiMcz8uY9G,0.5,0.0,0.5
rvnFpCYCUzSiMcz8uY9G,7A9INpTW6kQvVQs5gt71,1.0,0.0,1.0
7A9INpTW6kQvVQs5gt71,rvnFpCYCUzSiMcz8uY9G,1.0,0.0,1.0
rvnFpCYCUzSiMcz8uY9G,Bt27Q8szNxm554djfjll,0.5,0.0,0.5
Bt27Q8szNxm554djfjll,rvnFpCYCUzSiMcz8uY9G,0.5,0.0,0.5
rvnFpCYCUzSiMcz8uY9G,CEBq3AGVvblVit4ToR4m,0.5,0.0,0.5
CEBq3AGVvblVit4ToR4m,rvnFpCYCUzSiMcz8uY9G,0.5,0.0,0.5
rvnFpCYCUzSiMcz8uY9G,E7XtUfs8onabdbjGzbBz,2.5,0.5,2.5
rvnFpCYCUzSiMcz8uY9G,IZAkNWrgjXRAei6sZvSk,1.0,0.0,1.0
IZAkNWrgjXRAei6sZvSk,rvnFpCYCUzSiMcz8uY9G,1.0,0.0,1.0
rvnFpCYCUzSiMcz8uY9G,LAKgBAbLVsVbiNcWC5gZ,2.5,0.5,2.5
rvnFpCYCUzSiMcz8uY9G,RDDvMBaY0BGSm29brbBM,1.0,0.0,1.0
RDDvMBaY0BGSm29brbBM,rvnFpCYCUzSiMcz8uY9G,1.0,0.0,1.0
rvnFpCYCUzSiMcz8uY9G,ShEQOFjoJ3TbiyrdVSY8,1.5,0.0,1.5
rvnFpCYCUzSiMcz8uY9G,T1gsMvM427m6KlWfOZNu,1.5,0.0,1.5
rvnFpCYCUzSiMcz8uY9G,VZ3Bl4mlCMtGEEF6i48v,2.5,0.0,2.5
rvnFpCYCUzSiMcz8uY9G,cIpi3PKA28aZVfzfAta1,2.0,0.0,2.0
rvnFpCYCUzSiMcz8uY9G,mtxx11BMiB5F18Gt3M0K,0.5,0.0,0.5
mtxx11BMiB5F18Gt3M0K,rvnFpCYCUzSiMcz8uY9G,0.5,0.0,0.5
rvnFpCYCUzSiMcz8uY9G,oQrCwSAdGY4QZsS9vu5w,1.5,0.0,1.5
oQrCwSAdGY4QZsS9vu5w,rvnFpCYCUzSiMcz8uY9G,1.5,0.0,1.5
rvnFpCYCUzSiMcz8uY9G,pI6LGXXBSBIkc957N9Ot,1.0,0.0,1.0
pI6LGXXBSBIkc957N9Ot,rvnFpCYCUzSiMcz8uY9G,1.0,0.0,1.0
rvnFpCYCUzSiMcz8uY9G,tHWlZ9jgw30yICMgFoXf,0.5,0.0,0.5
tHWlZ9jgw30yICMgFoXf,rvnFpCYCUzSiMcz8uY9G,0.5,0.0,0.5
rvnFpCYCUzSiMcz8uY9G,vFgPWmSFwYPc9r65fTf1,1.5,0.0,1.5
vFgPWmSFwYPc9r65fTf1,rvnFpCYCUzSiMcz8uY9G,1.5,0.0,1.5
tHWlZ9jgw30yICMgFoXf,27YAbqQppoprRet39Fu9,2.0,0.0,2.0
tHWlZ9jgw30yICMgFoXf,2FF9ioIbx9maoeSIbwT2,2.5,1.0,2.5
tHWlZ9jgw30yICMgFoXf,36WMVE0pyYvdHsGCfTN1,1.0,0.0,1.0
tHWlZ9jgw30yICMgFoXf,7A9INpTW6kQvVQs5gt71,4.5,0.5,4.5
tHWlZ9jgw30yICMgFoXf,CEBq3AGVvblVit4ToR4m,1.0,-0.5,1.0
tHWlZ9jgw30yICMgFoXf,E7XtUfs8onabdbjGzbBz,2.5,0.0,2.5
tHWlZ9jgw30yICMgFoXf,IVtn7pbNSsIvCJAAYn50,2.0,0.0,2.0
tHWlZ9jgw30yICMgFoXf,IZAkNWrgjXRAei6sZvSk,1.0,0.0,1.0
tHWlZ9jgw30yICMgFoXf,IolpW1ZCNtoD9YrnQ40v,4.0,1.0,4.0
tHWlZ9jgw30yICMgFoXf,Kp6yx8A3QmPQoiZ8DDn9,4.0,1.0,4.0
tHWlZ9jgw30yICMgFoXf,LAKgBAbLVsVbiNcWC5gZ,2.5,1.0,2.5
tHWlZ9jgw30yICMgFoXf,P979GSMI95dxmUeufA3S,2.5,0.0,2.5
tHWlZ9jgw30yICMgFoXf,RDDvMBaY0BGSm29brbBM,4.5,0.0,4.5
tHWlZ9jgw30yICMgFoXf,ShEQOFjoJ3TbiyrdVSY8,1.5,0.0,1.5
tHWlZ9jgw30yICMgFoXf,T1gsMvM427m6KlWfOZNu,2.5,0.5,2.5
tHWlZ9jgw30yICMgFoXf,T3zP8KWUqZa55oOnEYgK,3.0,0.5,3.0
tHWlZ9jgw30yICMgFoXf,VZ3Bl4mlCMtGEEF6i48v,2.0,-0.5,2.0
tHWlZ9jgw30yICMgFoXf,cIpi3PKA28aZVfzfAta1,2.5,0.5,2.5
tHWlZ9jgw30yICMgFoXf,hclBpSpjdPeyfpag5X7D,2.0,0.0,2.0
tHWlZ9jgw30yICMgFoXf,mtxx11BMiB5F18Gt3M0K,2.0,0.0,2.0
tHWlZ9jgw30yICMgFoXf,oQrCwSAdGY4QZsS9vu5w,2.0,1.0,2.0
tHWlZ9jgw30yICMgFoXf,pI6LGXXBSBIkc957N9Ot,1.5,0.0,1.5
tHWlZ9jgw30yICMgFoXf,rKGYwNvNpJzLPEdk2WDH,1.5,0.0,1.5
tHWlZ9jgw30yICMgFoXf,vFgPWmSFwYPc9r65fTf1,2.0,-1.0,2.0
tHWlZ9jgw30yICMgFoXf,viVc7jsnkLQomOhVMF4B,1.0,-0.5,1.0
vFgPWmSFwYPc9r65fTf1,27YAbqQppoprRet39Fu9,5.0,0.5,5.0
vFgPWmSFwYPc9r65fTf1,2FF9ioIbx9maoeSIbwT2,2.5,0.0,2.5
vFgPWmSFwYPc9r65fTf1,7A9INpTW6kQvVQs5gt71,2.0,0.0,2.0
vFgPWmSFwYPc9r65fTf1,CEBq3AGVvblVit4ToR4m,2.0,-0.5,2.0
vFgPWmSFwYPc9r65fTf1,E7XtUfs8onabdbjGzbBz,3.5,0.5,3.5
vFgPWmSFwYPc9r65fTf1,IVtn7pbNSsIvCJAAYn50,3.0,0.5,3.0
vFgPWmSFwYPc9r65fTf1,IZAkNWrgjXRAei6sZvSk,3.0,-0.5,3.0
vFgPWmSFwYPc9r65fTf1,Kp6yx8A3QmPQoiZ8DDn9,1.0,-1.0,1.0
vFgPWmSFwYPc9r65fTf1,LAKgBAbLVsVbiNcWC5gZ,3.5,1.0,3.5
vFgPWmSFwYPc9r65fTf1,N14I3RHG4eMTmv4hVYgV,3.5,0.0,3.5
vFgPWmSFwYPc9r65fTf1,P979GSMI95dxmUeufA3S,2.5,-1.0,2.5
vFgPWmSFwYPc9r65fTf1,RDDvMBaY0BGSm29brbBM,3.5,-0.5,3.5
vFgPWmSFwYPc9r65fTf1,ShEQOFjoJ3TbiyrdVSY8,1.5,0.0,1.5
vFgPWmSFwYPc9r65fTf1,T1gsMvM427m6KlWfOZNu,1.5,-0.5,1.5
vFgPWmSFwYPc9r65fTf1,T3zP8KWUqZa55oOnEYgK,2.0,0.0,2.0
vFgPWmSFwYPc9r65fTf1,VZ3Bl4mlCMtGEEF6i48v,3.0,1.0,3.0
vFgPWmSFwYPc9r65fTf1,cIpi3PKA28aZVfzfAta1,2.5,-0.5,2.5
vFgPWmSFwYPc9r65fTf1,f6BnhBjeRpHzoPFxN6nR,1.0,0.5,1.0
vFgPWmSFwYPc9r65fTf1,hclBpSpjdPeyfpag5X7D,2.5,-0.5,2.5
vFgPWmSFwYPc9r65fTf1,mtxx11BMiB5F18Gt3M0K,2.5,0.5,2.5
vFgPWmSFwYPc9r65fTf1,oQrCwSAdGY4QZsS9vu5w,2.5,0.0,2.5
vFgPWmSFwYPc9r65fTf1,pI6LGXXBSBIkc957N9Ot,0.5,0.0,0.5
pI6LGXXBSBIkc957N9Ot,vFgPWmSFwYPc9r65fTf1,0.5,0.0,0.5
vFgPWmSFwYPc9r65fTf1,rKGYwNvNpJzLPEdk2WDH,1.0,0.0,1.0
vFgPWmSFwYPc9r65fTf1,tHWlZ9jgw30yICMgFoXf,2.0,-1.0,2.0
vFgPWmSFwYPc9r65fTf1,viVc7jsnkLQomOhVMF4B,3.0,0.0,3.0
viVc7jsnkLQomOhVMF4B,27YAbqQppoprRet39Fu9,3.0,0.0,3.0
viVc7jsnkLQomOhVMF4B,2FF9ioIbx9maoeSIbwT2,3.5,0.0,3.5
viVc7jsnkLQomOhVMF4B,36WMVE0pyYvdHsGCfTN1,1.0,0.0,1.0
viVc7jsnkLQomOhVMF4B,7A9INpTW6kQvVQs5gt71,2.5,0.0,2.5
viVc7jsnkLQomOhVMF4B,Bt27Q8szNxm554djfjll,4.5,0.5,4.5
viVc7jsnkLQomOhVMF4B,CEBq3AGVvblVit4ToR4m,4.0,0.0,4.0
viVc7jsnkLQomOhVMF4B,E7XtUfs8onabdbjGzbBz,2.0,0.0,2.0
viVc7jsnkLQomOhVMF4B,IVtn7pbNSsIvCJAAYn50,5.0,1.0,5.0
viVc7jsnkLQomOhVMF4B,IZAkNWrgjXRAei6sZvSk,4.0,0.0,4.0
viVc7jsnkLQomOhVMF4B,IolpW1ZCNtoD9YrnQ40v,3.5,0.5,3.5
viVc7jsnkLQomOhVMF4B,LAKgBAbLVsVbiNcWC5gZ,4.0,1.0,4.0
viVc7jsnkLQomOhVMF4B,N14I3RHG4eMTmv4hVYgV,1.0,0.0,1.0
N14I3RHG4eMTmv4hVYgV,viVc7jsnkLQomOhVMF4B,1.0,0.0,1.0
viVc7jsnkLQomOhVMF4B,P979GSMI95dxmUeufA3S,2.5,1.0,2.5
viVc7jsnkLQomOhVMF4B,RDDvMBaY0BGSm29brbBM,3.0,0.0,3.0
viVc7jsnkLQomOhVMF4B,ShEQOFjoJ3TbiyrdVSY8,2.5,1.0,2.5
viVc7jsnkLQomOhVMF4B,T3zP8KWUqZa55oOnEYgK,4.5,1.0,4.5
viVc7jsnkLQomOhVMF4B,VZ3Bl4mlCMtGEEF6i48v,3.5,0.0,3.5
viVc7jsnkLQomOhVMF4B,cIpi3PKA28aZVfzfAta1,4.0,0.0,4.0
viVc7jsnkLQomOhVMF4B,f6BnhBjeRpHzoPFxN6nR,1.0,0.0,1.0
viVc7jsnkLQomOhVMF4B,hclBpSpjdPeyfpag5X7D,4.0,0.5,4.0
viVc7jsnkLQomOhVMF4B,mtxx11BMiB5F18Gt3M0K,3.0,1.0,3.0
viVc7jsnkLQomOhVMF4B,oQrCwSAdGY4QZsS9vu5w,4.0,0.0,4.0
viVc7jsnkLQomOhVMF4B,pI6LGXXBSBIkc957N9Ot,2.5,0.5,2.5
viVc7jsnkLQomOhVMF4B,rKGYwNvNpJzLPEdk2WDH,3.0,-1.0,3.0
viVc7jsnkLQomOhVMF4B,tHWlZ9jgw30yICMgFoXf,1.0,-0.5,1.0
viVc7jsnkLQomOhVMF4B,vFgPWmSFwYPc9r65fTf1,3.0,0.0,3.0
