Source,Target,Level,Change
cIpi3PKA28aZVfzfAta1,rvnFpCYCUzSiMcz8uY9G,1,stable
cIpi3PKA28aZVfzfAta1,T3zP8KWUqZa55oOnEYgK,4,increased
cIpi3PKA28aZVfzfAta1,pI6LGXXBSBIkc957N9Ot,0,stable
cIpi3PKA28aZVfzfAta1,f6BnhBjeRpHzoPFxN6nR,2,stable
cIpi3PKA28aZVfzfAta1,LAKgBAbLVsVbiNcWC5gZ,4,decreased
cIpi3PKA28aZVfzfAta1,MR5UbrWDHvrPDRaZtMtq,0,stable
cIpi3PKA28aZVfzfAta1,xt2xgyf3gmKUeY4QZS7i,5,increased
cIpi3PKA28aZVfzfAta1,oCyIaBpbIFlkdfC8GhCU,0,stable
cIpi3PKA28aZVfzfAta1,2FF9ioIbx9maoeSIbwT2,4,increased
cIpi3PKA28aZVfzfAta1,36WMVE0pyYvdHsGCfTN1,0,stable
cIpi3PKA28aZVfzfAta1,ou1L39ZBX2cVOgCqRC4U,0,stable
cIpi3PKA28aZVfzfAta1,IVtn7pbNSsIvCJAAYn50,4,stable
cIpi3PKA28aZVfzfAta1,vUSsJJgz3xWC7fnZFLmF,0,stable
cIpi3PKA28aZVfzfAta1,ShEQOFjoJ3TbiyrdVSY8,4,increased
cIpi3PKA28aZVfzfAta1,T1gsMvM427m6KlWfOZNu,0,stable
cIpi3PKA28aZVfzfAta1,djodU6SjPqbBSiyNuSm3,2,stable
cIpi3PKA28aZVfzfAta1,P979GSMI95dxmUeufA3S,3,stable
cIpi3PKA28aZVfzfAta1,N14I3RHG4eMTmv4hVYgV,2,stable
cIpi3PKA28aZVfzfAta1,vFgPWmSFwYPc9r65fTf1,3,stable
cIpi3PKA28aZVfzfAta1,27YAbqQppoprRet39Fu9,3,stable
cIpi3PKA28aZVfzfAta1,7A9INpTW6kQvVQs5gt71,3,stable
cIpi3PKA28aZVfzfAta1,rKGYwNvNpJzLPEdk2WDH,3,stable
cIpi3PKA28aZVfzfAta1,RDDvMBaY0BGSm29brbBM,4,stable
cIpi3PKA28aZVfzfAta1,CEBq3AGVvblVit4ToR4m,3,stable
cIpi3PKA28aZVfzfAta1,IolpW1ZCNtoD9YrnQ40v,3,increased
cIpi3PKA28aZVfzfAta1,Kp6yx8A3QmPQoiZ8DDn9,0,stable
cIpi3PKA28aZVfzfAta1,OiY3llqCz4utTbx5YSmD,0,stable
cIpi3PKA28aZVfzfAta1,tHWlZ9jgw30yICMgFoXf,3,increased
cIpi3PKA28aZVfzfAta1,IZAkNWrgjXRAei6sZvSk,3,increased
cIpi3PKA28aZVfzfAta1,oQrCwSAdGY4QZsS9vu5w,3,stable
cIpi3PKA28aZVfzfAta1,rk4iYvVZpVgG3ajg5XYQ,0,stable
cIpi3PKA28aZVfzfAta1,VSGp97KAddn4cRcklRNZ,0,stable
cIpi3PKA28aZVfzfAta1,viVc7jsnkLQomOhVMF4B,4,decreased
cIpi3PKA28aZVfzfAta1,1xBqZgSApJDQVQT6BTcn,0,stable
cIpi3PKA28aZVfzfAta1,4bYT8V7NDvQ1Pa2ZaqVE,0,stable
cIpi3PKA28aZVfzfAta1,hclBpSpjdPeyfpag5X7D,3,stable
cIpi3PKA28aZVfzfAta1,VZ3Bl4mlCMtGEEF6i48v,4,decreased
cIpi3PKA28aZVfzfAta1,7Llx4RJ98Btnh6IN9mEV,0,stable
cIpi3PKA28aZVfzfAta1,mtxx11BMiB5F18Gt3M0K,3,stable
cIpi3PKA28aZVfzfAta1,E7XtUfs8onabdbjGzbBz,2,stable
cIpi3PKA28aZVfzfAta1,Bt27Q8szNxm554djfjll,0,stable
LAKgBAbLVsVbiNcWC5gZ,pI6LGXXBSBIkc957N9Ot,2,increased
LAKgBAbLVsVbiNcWC5gZ,oQrCwSAdGY4QZsS9vu5w,2,decreased
LAKgBAbLVsVbiNcWC5gZ,27YAbqQppoprRet39Fu9,3,increased
LAKgBAbLVsVbiNcWC5gZ,RDDvMBaY0BGSm29brbBM,4,stable
LAKgBAbLVsVbiNcWC5gZ,1xBqZgSApJDQVQT6BTcn,0,stable
LAKgBAbLVsVbiNcWC5gZ,hclBpSpjdPeyfpag5X7D,2,decreased
LAKgBAbLVsVbiNcWC5gZ,IVtn7pbNSsIvCJAAYn50,3,stable
LAKgBAbLVsVbiNcWC5gZ,vFgPWmSFwYPc9r65fTf1,3,increased
LAKgBAbLVsVbiNcWC5gZ,E7XtUfs8onabdbjGzbBz,2,stable
LAKgBAbLVsVbiNcWC5gZ,IolpW1ZCNtoD9YrnQ40v,3,increased
LAKgBAbLVsVbiNcWC5gZ,36WMVE0pyYvdHsGCfTN1,1,stable
LAKgBAbLVsVbiNcWC5gZ,2FF9ioIbx9maoeSIbwT2,4,increased
LAKgBAbLVsVbiNcWC5gZ,rk4iYvVZpVgG3ajg5XYQ,0,stable
LAKgBAbLVsVbiNcWC5gZ,vUSsJJgz3xWC7fnZFLmF,0,stable
LAKgBAbLVsVbiNcWC5gZ,viVc7jsnkLQomOhVMF4B,4,increased
LAKgBAbLVsVbiNcWC5gZ,rvnFpCYCUzSiMcz8uY9G,2,increased
LAKgBAbLVsVbiNcWC5gZ,ou1L39ZBX2cVOgCqRC4U,0,stable
LAKgBAbLVsVbiNcWC5gZ,VZ3Bl4mlCMtGEEF6i48v,5,increased
LAKgBAbLVsVbiNcWC5gZ,OiY3llqCz4utTbx5YSmD,0,stable
LAKgBAbLVsVbiNcWC5gZ,oCyIaBpbIFlkdfC8GhCU,0,stable
LAKgBAbLVsVbiNcWC5gZ,MR5UbrWDHvrPDRaZtMtq,0,stable
LAKgBAbLVsVbiNcWC5gZ,Bt27Q8szNxm554djfjll,1,stable
LAKgBAbLVsVbiNcWC5gZ,N14I3RHG4eMTmv4hVYgV,2,increased
LAKgBAbLVsVbiNcWC5gZ,xt2xgyf3gmKUeY4QZS7i,0,stable
LAKgBAbLVsVbiNcWC5gZ,Kp6yx8A3QmPQoiZ8DDn9,0,stable
LAKgBAbLVsVbiNcWC5gZ,f6BnhBjeRpHzoPFxN6nR,1,stable
LAKgBAbLVsVbiNcWC5gZ,rKGYwNvNpJzLPEdk2WDH,2,stable
LAKgBAbLVsVbiNcWC5gZ,IZAkNWrgjXRAei6sZvSk,2,increased
LAKgBAbLVsVbiNcWC5gZ,7A9INpTW6kQvVQs5gt71,3,stable
LAKgBAbLVsVbiNcWC5gZ,VSGp97KAddn4cRcklRNZ,0,stable
LAKgBAbLVsVbiNcWC5gZ,cIpi3PKA28aZVfzfAta1,5,stable
LAKgBAbLVsVbiNcWC5gZ,7Llx4RJ98Btnh6IN9mEV,2,stable
LAKgBAbLVsVbiNcWC5gZ,4bYT8V7NDvQ1Pa2ZaqVE,0,stable
LAKgBAbLVsVbiNcWC5gZ,P979GSMI95dxmUeufA3S,4,stable
LAKgBAbLVsVbiNcWC5gZ,mtxx11BMiB5F18Gt3M0K,3,increased
LAKgBAbLVsVbiNcWC5gZ,T1gsMvM427m6KlWfOZNu,1,stable
LAKgBAbLVsVbiNcWC5gZ,tHWlZ9jgw30yICMgFoXf,3,increased
LAKgBAbLVsVbiNcWC5gZ,CEBq3AGVvblVit4ToR4m,2,stable
LAKgBAbLVsVbiNcWC5gZ,djodU6SjPqbBSiyNuSm3,1,stable
LAKgBAbLVsVbiNcWC5gZ,T3zP8KWUqZa55oOnEYgK,2,stable
LAKgBAbLVsVbiNcWC5gZ,ShEQOFjoJ3TbiyrdVSY8,4,increased
RDDvMBaY0BGSm29brbBM,P979GSMI95dxmUeufA3S,4,increased
RDDvMBaY0BGSm29brbBM,pI6LGXXBSBIkc957N9Ot,1,decreased
RDDvMBaY0BGSm29brbBM,IolpW1ZCNtoD9YrnQ40v,3,decreased
RDDvMBaY0BGSm29brbBM,rvnFpCYCUzSiMcz8uY9G,0,stable
RDDvMBaY0BGSm29brbBM,VSGp97KAddn4cRcklRNZ,0,stable
RDDvMBaY0BGSm29brbBM,7Llx4RJ98Btnh6IN9mEV,2,stable
RDDvMBaY0BGSm29brbBM,Kp6yx8A3QmPQoiZ8DDn9,0,stable
RDDvMBaY0BGSm29brbBM,rKGYwNvNpJzLPEdk2WDH,2,decreased
RDDvMBaY0BGSm29brbBM,f6BnhBjeRpHzoPFxN6nR,1,stable
RDDvMBaY0BGSm29brbBM,xt2xgyf3gmKUeY4QZS7i,1,stable
RDDvMBaY0BGSm29brbBM,MR5UbrWDHvrPDRaZtMtq,0,stable
RDDvMBaY0BGSm29brbBM,IVtn7pbNSsIvCJAAYn50,2,decreased
RDDvMBaY0BGSm29brbBM,LAKgBAbLVsVbiNcWC5gZ,3,stable
RDDvMBaY0BGSm29brbBM,rk4iYvVZpVgG3ajg5XYQ,0,stable
RDDvMBaY0BGSm29brbBM,tHWlZ9jgw30yICMgFoXf,4,stable
RDDvMBaY0BGSm29brbBM,ou1L39ZBX2cVOgCqRC4U,0,stable
RDDvMBaY0BGSm29brbBM,T3zP8KWUqZa55oOnEYgK,2,decreased
RDDvMBaY0BGSm29brbBM,ShEQOFjoJ3TbiyrdVSY8,2,stable
RDDvMBaY0BGSm29brbBM,IZAkNWrgjXRAei6sZvSk,2,decreased
RDDvMBaY0BGSm29brbBM,36WMVE0pyYvdHsGCfTN1,0,stable
RDDvMBaY0BGSm29brbBM,Bt27Q8szNxm554djfjll,0,stable
RDDvMBaY0BGSm29brbBM,4bYT8V7NDvQ1Pa2ZaqVE,0,stable
RDDvMBaY0BGSm29brbBM,2FF9ioIbx9maoeSIbwT2,3,stable
RDDvMBaY0BGSm29brbBM,7A9INpTW6kQvVQs5gt71,4,stable
RDDvMBaY0BGSm29brbBM,N14I3RHG4eMTmv4hVYgV,2,decreased
RDDvMBaY0BGSm29brbBM,VZ3Bl4mlCMtGEEF6i48v,3,decreased
RDDvMBaY0BGSm29brbBM,viVc7jsnkLQomOhVMF4B,3,stable
RDDvMBaY0BGSm29brbBM,djodU6SjPqbBSiyNuSm3,2,decreased
RDDvMBaY0BGSm29brbBM,CEBq3AGVvblVit4ToR4m,2,decreased
RDDvMBaY0BGSm29brbBM,T1gsMvM427m6KlWfOZNu,1,decreased
RDDvMBaY0BGSm29brbBM,vUSsJJgz3xWC7fnZFLmF,0,stable
RDDvMBaY0BGSm29brbBM,OiY3llqCz4utTbx5YSmD,0,stable
RDDvMBaY0BGSm29brbBM,E7XtUfs8onabdbjGzbBz,2,decreased
RDDvMBaY0BGSm29brbBM,1xBqZgSApJDQVQT6BTcn,0,stable
RDDvMBaY0BGSm29brbBM,hclBpSpjdPeyfpag5X7D,2,decreased
RDDvMBaY0BGSm29brbBM,cIpi3PKA28aZVfzfAta1,4,decreased
RDDvMBaY0BGSm29brbBM,mtxx11BMiB5F18Gt3M0K,1,stable
RDDvMBaY0BGSm29brbBM,oQrCwSAdGY4QZsS9vu5w,1,stable
RDDvMBaY0BGSm29brbBM,oCyIaBpbIFlkdfC8GhCU,0,stable
RDDvMBaY0BGSm29brbBM,27YAbqQppoprRet39Fu9,3,stable
RDDvMBaY0BGSm29brbBM,vFgPWmSFwYPc9r65fTf1,3,decreased
IZAkNWrgjXRAei6sZvSk,36WMVE0pyYvdHsGCfTN1,0,stable
IZAkNWrgjXRAei6sZvSk,T1gsMvM427m6KlWfOZNu,2,decreased
IZAkNWrgjXRAei6sZvSk,T3zP8KWUqZa55oOnEYgK,3,stable
IZAkNWrgjXRAei6sZvSk,f6BnhBjeRpHzoPFxN6nR,1,stable
IZAkNWrgjXRAei6sZvSk,VSGp97KAddn4cRcklRNZ,0,stable
IZAkNWrgjXRAei6sZvSk,xt2xgyf3gmKUeY4QZS7i,1,stable
IZAkNWrgjXRAei6sZvSk,2FF9ioIbx9maoeSIbwT2,3,stable
IZAkNWrgjXRAei6sZvSk,MR5UbrWDHvrPDRaZtMtq,0,stable
IZAkNWrgjXRAei6sZvSk,oQrCwSAdGY4QZsS9vu5w,4,stable
IZAkNWrgjXRAei6sZvSk,RDDvMBaY0BGSm29brbBM,3,stable
IZAkNWrgjXRAei6sZvSk,oCyIaBpbIFlkdfC8GhCU,0,stable
IZAkNWrgjXRAei6sZvSk,IolpW1ZCNtoD9YrnQ40v,2,stable
IZAkNWrgjXRAei6sZvSk,1xBqZgSApJDQVQT6BTcn,0,stable
IZAkNWrgjXRAei6sZvSk,27YAbqQppoprRet39Fu9,3,stable
IZAkNWrgjXRAei6sZvSk,E7XtUfs8onabdbjGzbBz,2,decreased
IZAkNWrgjXRAei6sZvSk,LAKgBAbLVsVbiNcWC5gZ,3,decreased
IZAkNWrgjXRAei6sZvSk,pI6LGXXBSBIkc957N9Ot,0,stable
IZAkNWrgjXRAei6sZvSk,rvnFpCYCUzSiMcz8uY9G,0,stable
IZAkNWrgjXRAei6sZvSk,cIpi3PKA28aZVfzfAta1,3,decreased
IZAkNWrgjXRAei6sZvSk,IVtn7pbNSsIvCJAAYn50,4,stable
IZAkNWrgjXRAei6sZvSk,mtxx11BMiB5F18Gt3M0K,1,stable
IZAkNWrgjXRAei6sZvSk,7Llx4RJ98Btnh6IN9mEV,0,stable
IZAkNWrgjXRAei6sZvSk,vFgPWmSFwYPc9r65fTf1,3,decreased
IZAkNWrgjXRAei6sZvSk,vUSsJJgz3xWC7fnZFLmF,0,stable
IZAkNWrgjXRAei6sZvSk,CEBq3AGVvblVit4ToR4m,5,increased
IZAkNWrgjXRAei6sZvSk,4bYT8V7NDvQ1Pa2ZaqVE,0,stable
IZAkNWrgjXRAei6sZvSk,tHWlZ9jgw30yICMgFoXf,1,stable
IZAkNWrgjXRAei6sZvSk,hclBpSpjdPeyfpag5X7D,4,stable
IZAkNWrgjXRAei6sZvSk,P979GSMI95dxmUeufA3S,2,stable
IZAkNWrgjXRAei6sZvSk,Kp6yx8A3QmPQoiZ8DDn9,0,stable
IZAkNWrgjXRAei6sZvSk,Bt27Q8szNxm554djfjll,2,stable
IZAkNWrgjXRAei6sZvSk,djodU6SjPqbBSiyNuSm3,1,decreased
IZAkNWrgjXRAei6sZvSk,7A9INpTW6kQvVQs5gt71,3,stable
IZAkNWrgjXRAei6sZvSk,ShEQOFjoJ3TbiyrdVSY8,3,stable
IZAkNWrgjXRAei6sZvSk,N14I3RHG4eMTmv4hVYgV,2,stable
IZAkNWrgjXRAei6sZvSk,rk4iYvVZpVgG3ajg5XYQ,0,stable
IZAkNWrgjXRAei6sZvSk,OiY3llqCz4utTbx5YSmD,0,stable
IZAkNWrgjXRAei6sZvSk,viVc7jsnkLQomOhVMF4B,4,decreased
IZAkNWrgjXRAei6sZvSk,VZ3Bl4mlCMtGEEF6i48v,1,stable
IZAkNWrgjXRAei6sZvSk,rKGYwNvNpJzLPEdk2WDH,1,decreased
IZAkNWrgjXRAei6sZvSk,ou1L39ZBX2cVOgCqRC4U,0,stable
rvnFpCYCUzSiMcz8uY9G,N14I3RHG4eMTmv4hVYgV,0,stable
rvnFpCYCUzSiMcz8uY9G,hclBpSpjdPeyfpag5X7D,0,stable
rvnFpCYCUzSiMcz8uY9G,T3zP8KWUqZa55oOnEYgK,0,stable
rvnFpCYCUzSiMcz8uY9G,f6BnhBjeRpHzoPFxN6nR,0,stable
rvnFpCYCUzSiMcz8uY9G,IolpW1ZCNtoD9YrnQ40v,0,stable
rvnFpCYCUzSiMcz8uY9G,IZAkNWrgjXRAei6sZvSk,2,stable
rvnFpCYCUzSiMcz8uY9G,ShEQOFjoJ3TbiyrdVSY8,2,stable
rvnFpCYCUzSiMcz8uY9G,CEBq3AGVvblVit4ToR4m,1,stable
rvnFpCYCUzSiMcz8uY9G,4bYT8V7NDvQ1Pa2ZaqVE,0,stable
rvnFpCYCUzSiMcz8uY9G,viVc7jsnkLQomOhVMF4B,0,stable
rvnFpCYCUzSiMcz8uY9G,7A9INpTW6kQvVQs5gt71,2,stable
rvnFpCYCUzSiMcz8uY9G,vFgPWmSFwYPc9r65fTf1,3,stable
rvnFpCYCUzSiMcz8uY9G,RDDvMBaY0BGSm29brbBM,2,stable
rvnFpCYCUzSiMcz8uY9G,Bt27Q8szNxm554djfjll,1,stable
rvnFpCYCUzSiMcz8uY9G,LAKgBAbLVsVbiNcWC5gZ,3,stable
rvnFpCYCUzSiMcz8uY9G,djodU6SjPqbBSiyNuSm3,0,stable
rvnFpCYCUzSiMcz8uY9G,pI6LGXXBSBIkc957N9Ot,2,stable
rvnFpCYCUzSiMcz8uY9G,MR5UbrWDHvrPDRaZtMtq,3,stable
rvnFpCYCUzSiMcz8uY9G,vUSsJJgz3xWC7fnZFLmF,0,stable
rvnFpCYCUzSiMcz8uY9G,cIpi3PKA28aZVfzfAta1,3,stable
rvnFpCYCUzSiMcz8uY9G,rk4iYvVZpVgG3ajg5XYQ,0,stable
rvnFpCYCUzSiMcz8uY9G,7Llx4RJ98Btnh6IN9mEV,0,stable
rvnFpCYCUzSiMcz8uY9G,E7XtUfs8onabdbjGzbBz,3,stable
rvnFpCYCUzSiMcz8uY9G,VZ3Bl4mlCMtGEEF6i48v,3,increased
rvnFpCYCUzSiMcz8uY9G,36WMVE0pyYvdHsGCfTN1,1,stable
rvnFpCYCUzSiMcz8uY9G,1xBqZgSApJDQVQT6BTcn,0,stable
rvnFpCYCUzSiMcz8uY9G,ou1L39ZBX2cVOgCqRC4U,0,stable
rvnFpCYCUzSiMcz8uY9G,Kp6yx8A3QmPQoiZ8DDn9,0,stable
rvnFpCYCUzSiMcz8uY9G,T1gsMvM427m6KlWfOZNu,1,stable
rvnFpCYCUzSiMcz8uY9G,mtxx11BMiB5F18Gt3M0K,1,stable
rvnFpCYCUzSiMcz8uY9G,IVtn7pbNSsIvCJAAYn50,0,stable
rvnFpCYCUzSiMcz8uY9G,2FF9ioIbx9maoeSIbwT2,3,increased
rvnFpCYCUzSiMcz8uY9G,tHWlZ9jgw30yICMgFoXf,1,stable
rvnFpCYCUzSiMcz8uY9G,xt2xgyf3gmKUeY4QZS7i,1,stable
rvnFpCYCUzSiMcz8uY9G,rKGYwNvNpJzLPEdk2WDH,0,stable
rvnFpCYCUzSiMcz8uY9G,27YAbqQppoprRet39Fu9,3,increased
rvnFpCYCUzSiMcz8uY9G,VSGp97KAddn4cRcklRNZ,0,stable
rvnFpCYCUzSiMcz8uY9G,P979GSMI95dxmUeufA3S,0,stable
rvnFpCYCUzSiMcz8uY9G,oCyIaBpbIFlkdfC8GhCU,2,stable
rvnFpCYCUzSiMcz8uY9G,OiY3llqCz4utTbx5YSmD,0,stable
rvnFpCYCUzSiMcz8uY9G,oQrCwSAdGY4QZsS9vu5w,3,stable
Kp6yx8A3QmPQoiZ8DDn9,rk4iYvVZpVgG3ajg5XYQ,0,stable
Kp6yx8A3QmPQoiZ8DDn9,Bt27Q8szNxm554djfjll,2,stable
Kp6yx8A3QmPQoiZ8DDn9,ShEQOFjoJ3TbiyrdVSY8,0,stable
Kp6yx8A3QmPQoiZ8DDn9,viVc7jsnkLQomOhVMF4B,1,stable
Kp6yx8A3QmPQoiZ8DDn9,pI6LGXXBSBIkc957N9Ot,1,decreased
Kp6yx8A3QmPQoiZ8DDn9,VSGp97KAddn4cRcklRNZ,2,stable
Kp6yx8A3QmPQoiZ8DDn9,CEBq3AGVvblVit4ToR4m,0,stable
Kp6yx8A3QmPQoiZ8DDn9,IolpW1ZCNtoD9YrnQ40v,0,stable
Kp6yx8A3QmPQoiZ8DDn9,4bYT8V7NDvQ1Pa2ZaqVE,3,stable
Kp6yx8A3QmPQoiZ8DDn9,OiY3llqCz4utTbx5YSmD,4,increased
Kp6yx8A3QmPQoiZ8DDn9,oQrCwSAdGY4QZsS9vu5w,1,decreased
Kp6yx8A3QmPQoiZ8DDn9,LAKgBAbLVsVbiNcWC5gZ,0,stable
Kp6yx8A3QmPQoiZ8DDn9,27YAbqQppoprRet39Fu9,0,stable
Kp6yx8A3QmPQoiZ8DDn9,hclBpSpjdPeyfpag5X7D,0,stable
Kp6yx8A3QmPQoiZ8DDn9,7A9INpTW6kQvVQs5gt71,3,stable
Kp6yx8A3QmPQoiZ8DDn9,7Llx4RJ98Btnh6IN9mEV,4,increased
Kp6yx8A3QmPQoiZ8DDn9,MR5UbrWDHvrPDRaZtMtq,1,stable
Kp6yx8A3QmPQoiZ8DDn9,IZAkNWrgjXRAei6sZvSk,0,stable
Kp6yx8A3QmPQoiZ8DDn9,xt2xgyf3gmKUeY4QZS7i,1,stable
Kp6yx8A3QmPQoiZ8DDn9,T1gsMvM427m6KlWfOZNu,2,stable
Kp6yx8A3QmPQoiZ8DDn9,vUSsJJgz3xWC7fnZFLmF,0,stable
Kp6yx8A3QmPQoiZ8DDn9,rKGYwNvNpJzLPEdk2WDH,0,stable
Kp6yx8A3QmPQoiZ8DDn9,N14I3RHG4eMTmv4hVYgV,0,stable
Kp6yx8A3QmPQoiZ8DDn9,f6BnhBjeRpHzoPFxN6nR,0,stable
Kp6yx8A3QmPQoiZ8DDn9,rvnFpCYCUzSiMcz8uY9G,0,stable
Kp6yx8A3QmPQoiZ8DDn9,T3zP8KWUqZa55oOnEYgK,0,stable
Kp6yx8A3QmPQoiZ8DDn9,djodU6SjPqbBSiyNuSm3,0,stable
Kp6yx8A3QmPQoiZ8DDn9,cIpi3PKA28aZVfzfAta1,2,decreased
Kp6yx8A3QmPQoiZ8DDn9,tHWlZ9jgw30yICMgFoXf,4,increased
Kp6yx8A3QmPQoiZ8DDn9,36WMVE0pyYvdHsGCfTN1,0,stable
Kp6yx8A3QmPQoiZ8DDn9,mtxx11BMiB5F18Gt3M0K,0,stable
Kp6yx8A3QmPQoiZ8DDn9,VZ3Bl4mlCMtGEEF6i48v,0,stable
Kp6yx8A3QmPQoiZ8DDn9,vFgPWmSFwYPc9r65fTf1,1,decreased
Kp6yx8A3QmPQoiZ8DDn9,oCyIaBpbIFlkdfC8GhCU,0,stable
Kp6yx8A3QmPQoiZ8DDn9,IVtn7pbNSsIvCJAAYn50,2,stable
Kp6yx8A3QmPQoiZ8DDn9,P979GSMI95dxmUeufA3S,0,stable
Kp6yx8A3QmPQoiZ8DDn9,2FF9ioIbx9maoeSIbwT2,0,stable
Kp6yx8A3QmPQoiZ8DDn9,RDDvMBaY0BGSm29brbBM,2,decreased
Kp6yx8A3QmPQoiZ8DDn9,ou1L39ZBX2cVOgCqRC4U,0,stable
Kp6yx8A3QmPQoiZ8DDn9,1xBqZgSApJDQVQT6BTcn,0,stable
Kp6yx8A3QmPQoiZ8DDn9,E7XtUfs8onabdbjGzbBz,0,stable
7A9INpTW6kQvVQs5gt71,27YAbqQppoprRet39Fu9,2,stable
7A9INpTW6kQvVQs5gt71,djodU6SjPqbBSiyNuSm3,2,stable
7A9INpTW6kQvVQs5gt71,Bt27Q8szNxm554djfjll,1,stable
7A9INpTW6kQvVQs5gt71,MR5UbrWDHvrPDRaZtMtq,0,stable
7A9INpTW6kQvVQs5gt71,T1gsMvM427m6KlWfOZNu,1,increased
7A9INpTW6kQvVQs5gt71,E7XtUfs8onabdbjGzbBz,2,stable
7A9INpTW6kQvVQs5gt71,hclBpSpjdPeyfpag5X7D,2,stable
7A9INpTW6kQvVQs5gt71,IVtn7pbNSsIvCJAAYn50,4,increased
7A9INpTW6kQvVQs5gt71,ShEQOFjoJ3TbiyrdVSY8,3,increased
7A9INpTW6kQvVQs5gt71,vFgPWmSFwYPc9r65fTf1,2,stable
7A9INpTW6kQvVQs5gt71,T3zP8KWUqZa55oOnEYgK,4,stable
7A9INpTW6kQvVQs5gt71,N14I3RHG4eMTmv4hVYgV,2,stable
7A9INpTW6kQvVQs5gt71,viVc7jsnkLQomOhVMF4B,2,stable
7A9INpTW6kQvVQs5gt71,mtxx11BMiB5F18Gt3M0K,3,increased
7A9INpTW6kQvVQs5gt71,IolpW1ZCNtoD9YrnQ40v,4,increased
7A9INpTW6kQvVQs5gt71,VSGp97KAddn4cRcklRNZ,0,stable
7A9INpTW6kQvVQs5gt71,VZ3Bl4mlCMtGEEF6i48v,3,increased
7A9INpTW6kQvVQs5gt71,tHWlZ9jgw30yICMgFoXf,5,stable
7A9INpTW6kQvVQs5gt71,OiY3llqCz4utTbx5YSmD,1,stable
7A9INpTW6kQvVQs5gt71,vUSsJJgz3xWC7fnZFLmF,0,stable
7A9INpTW6kQvVQs5gt71,Kp6yx8A3QmPQoiZ8DDn9,0,stable
7A9INpTW6kQvVQs5gt71,oQrCwSAdGY4QZsS9vu5w,3,stable
7A9INpTW6kQvVQs5gt71,cIpi3PKA28aZVfzfAta1,3,decreased
7A9INpTW6kQvVQs5gt71,1xBqZgSApJDQVQT6BTcn,0,stable
7A9INpTW6kQvVQs5gt71,4bYT8V7NDvQ1Pa2ZaqVE,0,stable
7A9INpTW6kQvVQs5gt71,xt2xgyf3gmKUeY4QZS7i,0,stable
7A9INpTW6kQvVQs5gt71,rKGYwNvNpJzLPEdk2WDH,2,increased
7A9INpTW6kQvVQs5gt71,RDDvMBaY0BGSm29brbBM,4,stable
7A9INpTW6kQvVQs5gt71,f6BnhBjeRpHzoPFxN6nR,2,decreased
7A9INpTW6kQvVQs5gt71,LAKgBAbLVsVbiNcWC5gZ,3,increased
7A9INpTW6kQvVQs5gt71,rvnFpCYCUzSiMcz8uY9G,0,stable
7A9INpTW6kQvVQs5gt71,7Llx4RJ98Btnh6IN9mEV,0,stable
7A9INpTW6kQvVQs5gt71,pI6LGXXBSBIkc957N9Ot,2,increased
7A9INpTW6kQvVQs5gt71,36WMVE0pyYvdHsGCfTN1,1,stable
7A9INpTW6kQvVQs5gt71,ou1L39ZBX2cVOgCqRC4U,0,stable
7A9INpTW6kQvVQs5gt71,oCyIaBpbIFlkdfC8GhCU,0,stable
7A9INpTW6kQvVQs5gt71,CEBq3AGVvblVit4ToR4m,2,stable
7A9INpTW6kQvVQs5gt71,rk4iYvVZpVgG3ajg5XYQ,0,stable
7A9INpTW6kQvVQs5gt71,P979GSMI95dxmUeufA3S,3,decreased
7A9INpTW6kQvVQs5gt71,IZAkNWrgjXRAei6sZvSk,2,stable
7A9INpTW6kQvVQs5gt71,2FF9ioIbx9maoeSIbwT2,4,increased
f6BnhBjeRpHzoPFxN6nR,VSGp97KAddn4cRcklRNZ,0,stable
f6BnhBjeRpHzoPFxN6nR,IZAkNWrgjXRAei6sZvSk,1,stable
f6BnhBjeRpHzoPFxN6nR,Kp6yx8A3QmPQoiZ8DDn9,0,stable
f6BnhBjeRpHzoPFxN6nR,CEBq3AGVvblVit4ToR4m,4,decreased
f6BnhBjeRpHzoPFxN6nR,mtxx11BMiB5F18Gt3M0K,2,decreased
f6BnhBjeRpHzoPFxN6nR,LAKgBAbLVsVbiNcWC5gZ,1,stable
f6BnhBjeRpHzoPFxN6nR,VZ3Bl4mlCMtGEEF6i48v,1,stable
f6BnhBjeRpHzoPFxN6nR,7A9INpTW6kQvVQs5gt71,3,decreased
f6BnhBjeRpHzoPFxN6nR,RDDvMBaY0BGSm29brbBM,1,increased
f6BnhBjeRpHzoPFxN6nR,djodU6SjPqbBSiyNuSm3,3,increased
f6BnhBjeRpHzoPFxN6nR,tHWlZ9jgw30yICMgFoXf,0,stable
f6BnhBjeRpHzoPFxN6nR,ShEQOFjoJ3TbiyrdVSY8,0,stable
f6BnhBjeRpHzoPFxN6nR,rk4iYvVZpVgG3ajg5XYQ,0,stable
f6BnhBjeRpHzoPFxN6nR,T1gsMvM427m6KlWfOZNu,0,stable
f6BnhBjeRpHzoPFxN6nR,OiY3llqCz4utTbx5YSmD,0,stable
f6BnhBjeRpHzoPFxN6nR,ou1L39ZBX2cVOgCqRC4U,0,stable
f6BnhBjeRpHzoPFxN6nR,4bYT8V7NDvQ1Pa2ZaqVE,0,stable
f6BnhBjeRpHzoPFxN6nR,MR5UbrWDHvrPDRaZtMtq,0,stable
f6BnhBjeRpHzoPFxN6nR,vFgPWmSFwYPc9r65fTf1,1,increased
f6BnhBjeRpHzoPFxN6nR,7Llx4RJ98Btnh6IN9mEV,0,stable
f6BnhBjeRpHzoPFxN6nR,2FF9ioIbx9maoeSIbwT2,1,increased
f6BnhBjeRpHzoPFxN6nR,E7XtUfs8onabdbjGzbBz,2,increased
f6BnhBjeRpHzoPFxN6nR,IVtn7pbNSsIvCJAAYn50,2,increased
f6BnhBjeRpHzoPFxN6nR,viVc7jsnkLQomOhVMF4B,1,stable
f6BnhBjeRpHzoPFxN6nR,oQrCwSAdGY4QZsS9vu5w,0,stable
f6BnhBjeRpHzoPFxN6nR,vUSsJJgz3xWC7fnZFLmF,0,stable
f6BnhBjeRpHzoPFxN6nR,27YAbqQppoprRet39Fu9,1,stable
f6BnhBjeRpHzoPFxN6nR,1xBqZgSApJDQVQT6BTcn,0,stable
f6BnhBjeRpHzoPFxN6nR,xt2xgyf3gmKUeY4QZS7i,0,stable
f6BnhBjeRpHzoPFxN6nR,Bt27Q8szNxm554djfjll,0,stable
f6BnhBjeRpHzoPFxN6nR,36WMVE0pyYvdHsGCfTN1,0,stable
f6BnhBjeRpHzoPFxN6nR,cIpi3PKA28aZVfzfAta1,2,decreased
f6BnhBjeRpHzoPFxN6nR,hclBpSpjdPeyfpag5X7D,0,stable
f6BnhBjeRpHzoPFxN6nR,oCyIaBpbIFlkdfC8GhCU,0,stable
f6BnhBjeRpHzoPFxN6nR,N14I3RHG4eMTmv4hVYgV,0,stable
f6BnhBjeRpHzoPFxN6nR,pI6LGXXBSBIkc957N9Ot,2,stable
f6BnhBjeRpHzoPFxN6nR,IolpW1ZCNtoD9YrnQ40v,2,stable
f6BnhBjeRpHzoPFxN6nR,T3zP8KWUqZa55oOnEYgK,1,stable
f6BnhBjeRpHzoPFxN6nR,rvnFpCYCUzSiMcz8uY9G,0,stable
f6BnhBjeRpHzoPFxN6nR,rKGYwNvNpJzLPEdk2WDH,2,stable
f6BnhBjeRpHzoPFxN6nR,P979GSMI95dxmUeufA3S,2,increased
pI6LGXXBSBIkc957N9Ot,RDDvMBaY0BGSm29brbBM,0,stable
pI6LGXXBSBIkc957N9Ot,VSGp97KAddn4cRcklRNZ,1,stable
pI6LGXXBSBIkc957N9Ot,VZ3Bl4mlCMtGEEF6i48v,0,stable
pI6LGXXBSBIkc957N9Ot,vUSsJJgz3xWC7fnZFLmF,0,stable
pI6LGXXBSBIkc957N9Ot,LAKgBAbLVsVbiNcWC5gZ,1,stable
pI6LGXXBSBIkc957N9Ot,djodU6SjPqbBSiyNuSm3,0,stable
pI6LGXXBSBIkc957N9Ot,rKGYwNvNpJzLPEdk2WDH,0,stable
pI6LGXXBSBIkc957N9Ot,27YAbqQppoprRet39Fu9,1,stable
pI6LGXXBSBIkc957N9Ot,vFgPWmSFwYPc9r65fTf1,0,stable
pI6LGXXBSBIkc957N9Ot,ShEQOFjoJ3TbiyrdVSY8,2,increased
pI6LGXXBSBIkc957N9Ot,OiY3llqCz4utTbx5YSmD,0,stable
pI6LGXXBSBIkc957N9Ot,CEBq3AGVvblVit4ToR4m,0,stable
pI6LGXXBSBIkc957N9Ot,tHWlZ9jgw30yICMgFoXf,1,stable
pI6LGXXBSBIkc957N9Ot,cIpi3PKA28aZVfzfAta1,2,stable
pI6LGXXBSBIkc957N9Ot,viVc7jsnkLQomOhVMF4B,3,increased
pI6LGXXBSBIkc957N9Ot,rvnFpCYCUzSiMcz8uY9G,0,stable
pI6LGXXBSBIkc957N9Ot,xt2xgyf3gmKUeY4QZS7i,3,increased
pI6LGXXBSBIkc957N9Ot,MR5UbrWDHvrPDRaZtMtq,0,stable
pI6LGXXBSBIkc957N9Ot,Bt27Q8szNxm554djfjll,0,stable
pI6LGXXBSBIkc957N9Ot,1xBqZgSApJDQVQT6BTcn,2,stable
pI6LGXXBSBIkc957N9Ot,oQrCwSAdGY4QZsS9vu5w,1,stable
pI6LGXXBSBIkc957N9Ot,7Llx4RJ98Btnh6IN9mEV,1,stable
pI6LGXXBSBIkc957N9Ot,T1gsMvM427m6KlWfOZNu,1,stable
pI6LGXXBSBIkc957N9Ot,Kp6yx8A3QmPQoiZ8DDn9,0,stable
pI6LGXXBSBIkc957N9Ot,hclBpSpjdPeyfpag5X7D,1,stable
pI6LGXXBSBIkc957N9Ot,36WMVE0pyYvdHsGCfTN1,4,increased
pI6LGXXBSBIkc957N9Ot,rk4iYvVZpVgG3ajg5XYQ,0,stable
pI6LGXXBSBIkc957N9Ot,P979GSMI95dxmUeufA3S,1,stable
pI6LGXXBSBIkc957N9Ot,2FF9ioIbx9maoeSIbwT2,1,stable
pI6LGXXBSBIkc957N9Ot,IVtn7pbNSsIvCJAAYn50,2,stable
pI6LGXXBSBIkc957N9Ot,7A9INpTW6kQvVQs5gt71,2,increased
pI6LGXXBSBIkc957N9Ot,4bYT8V7NDvQ1Pa2ZaqVE,0,stable
pI6LGXXBSBIkc957N9Ot,mtxx11BMiB5F18Gt3M0K,2,increased
pI6LGXXBSBIkc957N9Ot,T3zP8KWUqZa55oOnEYgK,2,increased
pI6LGXXBSBIkc957N9Ot,ou1L39ZBX2cVOgCqRC4U,0,stable
pI6LGXXBSBIkc957N9Ot,f6BnhBjeRpHzoPFxN6nR,3,increased
pI6LGXXBSBIkc957N9Ot,E7XtUfs8onabdbjGzbBz,2,increased
pI6LGXXBSBIkc957N9Ot,IolpW1ZCNtoD9YrnQ40v,4,increased
pI6LGXXBSBIkc957N9Ot,N14I3RHG4eMTmv4hVYgV,3,increased
pI6LGXXBSBIkc957N9Ot,oCyIaBpbIFlkdfC8GhCU,0,stable
pI6LGXXBSBIkc957N9Ot,IZAkNWrgjXRAei6sZvSk,2,stable
P979GSMI95dxmUeufA3S,cIpi3PKA28aZVfzfAta1,2,stable
P979GSMI95dxmUeufA3S,ShEQOFjoJ3TbiyrdVSY8,1,stable
P979GSMI95dxmUeufA3S,Kp6yx8A3QmPQoiZ8DDn9,0,stable
P979GSMI95dxmUeufA3S,2FF9ioIbx9maoeSIbwT2,4,increased
P979GSMI95dxmUeufA3S,vFgPWmSFwYPc9r65fTf1,2,decreased
P979GSMI95dxmUeufA3S,MR5UbrWDHvrPDRaZtMtq,0,stable
P979GSMI95dxmUeufA3S,7Llx4RJ98Btnh6IN9mEV,0,stable
P979GSMI95dxmUeufA3S,IolpW1ZCNtoD9YrnQ40v,5,stable
P979GSMI95dxmUeufA3S,4bYT8V7NDvQ1Pa2ZaqVE,0,stable
P979GSMI95dxmUeufA3S,oCyIaBpbIFlkdfC8GhCU,0,stable
P979GSMI95dxmUeufA3S,T3zP8KWUqZa55oOnEYgK,2,stable
P979GSMI95dxmUeufA3S,LAKgBAbLVsVbiNcWC5gZ,2,stable
P979GSMI95dxmUeufA3S,tHWlZ9jgw30yICMgFoXf,2,stable
P979GSMI95dxmUeufA3S,djodU6SjPqbBSiyNuSm3,2,decreased
P979GSMI95dxmUeufA3S,OiY3llqCz4utTbx5YSmD,0,stable
P979GSMI95dxmUeufA3S,mtxx11BMiB5F18Gt3M0K,1,stable
P979GSMI95dxmUeufA3S,oQrCwSAdGY4QZsS9vu5w,1,stable
P979GSMI95dxmUeufA3S,36WMVE0pyYvdHsGCfTN1,0,stable
P979GSMI95dxmUeufA3S,ou1L39ZBX2cVOgCqRC4U,0,stable
P979GSMI95dxmUeufA3S,IVtn7pbNSsIvCJAAYn50,2,increased
P979GSMI95dxmUeufA3S,RDDvMBaY0BGSm29brbBM,3,stable
P979GSMI95dxmUeufA3S,vUSsJJgz3xWC7fnZFLmF,0,stable
P979GSMI95dxmUeufA3S,IZAkNWrgjXRAei6sZvSk,1,stable
P979GSMI95dxmUeufA3S,CEBq3AGVvblVit4ToR4m,1,stable
P979GSMI95dxmUeufA3S,rk4iYvVZpVgG3ajg5XYQ,0,stable
P979GSMI95dxmUeufA3S,Bt27Q8szNxm554djfjll,0,stable
P979GSMI95dxmUeufA3S,xt2xgyf3gmKUeY4QZS7i,0,stable
P979GSMI95dxmUeufA3S,N14I3RHG4eMTmv4hVYgV,1,decreased
P979GSMI95dxmUeufA3S,T1gsMvM427m6KlWfOZNu,0,stable
P979GSMI95dxmUeufA3S,7A9INpTW6kQvVQs5gt71,2,stable
P979GSMI95dxmUeufA3S,1xBqZgSApJDQVQT6BTcn,0,stable
P979GSMI95dxmUeufA3S,hclBpSpjdPeyfpag5X7D,1,stable
P979GSMI95dxmUeufA3S,rvnFpCYCUzSiMcz8uY9G,0,stable
P979GSMI95dxmUeufA3S,VZ3Bl4mlCMtGEEF6i48v,2,stable
P979GSMI95dxmUeufA3S,f6BnhBjeRpHzoPFxN6nR,2,stable
P979GSMI95dxmUeufA3S,viVc7jsnkLQomOhVMF4B,2,increased
P979GSMI95dxmUeufA3S,VSGp97KAddn4cRcklRNZ,0,stable
P979GSMI95dxmUeufA3S,rKGYwNvNpJzLPEdk2WDH,3,increased
P979GSMI95dxmUeufA3S,E7XtUfs8onabdbjGzbBz,1,decreased
P979GSMI95dxmUeufA3S,27YAbqQppoprRet39Fu9,1,decreased
P979GSMI95dxmUeufA3S,pI6LGXXBSBIkc957N9Ot,0,stable
hclBpSpjdPeyfpag5X7D,vFgPWmSFwYPc9r65fTf1,2,stable
hclBpSpjdPeyfpag5X7D,RDDvMBaY0BGSm29brbBM,2,stable
hclBpSpjdPeyfpag5X7D,oQrCwSAdGY4QZsS9vu5w,4,increased
hclBpSpjdPeyfpag5X7D,2FF9ioIbx9maoeSIbwT2,2,stable
hclBpSpjdPeyfpag5X7D,rKGYwNvNpJzLPEdk2WDH,1,stable
hclBpSpjdPeyfpag5X7D,pI6LGXXBSBIkc957N9Ot,0,stable
hclBpSpjdPeyfpag5X7D,MR5UbrWDHvrPDRaZtMtq,1,stable
hclBpSpjdPeyfpag5X7D,VSGp97KAddn4cRcklRNZ,0,stable
hclBpSpjdPeyfpag5X7D,xt2xgyf3gmKUeY4QZS7i,3,stable
hclBpSpjdPeyfpag5X7D,CEBq3AGVvblVit4ToR4m,4,stable
hclBpSpjdPeyfpag5X7D,cIpi3PKA28aZVfzfAta1,3,stable
hclBpSpjdPeyfpag5X7D,OiY3llqCz4utTbx5YSmD,2,stable
hclBpSpjdPeyfpag5X7D,IolpW1ZCNtoD9YrnQ40v,2,stable
hclBpSpjdPeyfpag5X7D,vUSsJJgz3xWC7fnZFLmF,2,stable
hclBpSpjdPeyfpag5X7D,djodU6SjPqbBSiyNuSm3,3,stable
hclBpSpjdPeyfpag5X7D,Kp6yx8A3QmPQoiZ8DDn9,2,stable
hclBpSpjdPeyfpag5X7D,1xBqZgSApJDQVQT6BTcn,0,stable
hclBpSpjdPeyfpag5X7D,Bt27Q8szNxm554djfjll,2,stable
hclBpSpjdPeyfpag5X7D,7A9INpTW6kQvVQs5gt71,3,stable
hclBpSpjdPeyfpag5X7D,IVtn7pbNSsIvCJAAYn50,3,stable
hclBpSpjdPeyfpag5X7D,LAKgBAbLVsVbiNcWC5gZ,3,stable
hclBpSpjdPeyfpag5X7D,T3zP8KWUqZa55oOnEYgK,2,stable
hclBpSpjdPeyfpag5X7D,rk4iYvVZpVgG3ajg5XYQ,0,stable
hclBpSpjdPeyfpag5X7D,mtxx11BMiB5F18Gt3M0K,1,stable
hclBpSpjdPeyfpag5X7D,4bYT8V7NDvQ1Pa2ZaqVE,0,stable
hclBpSpjdPeyfpag5X7D,27YAbqQppoprRet39Fu9,3,stable
hclBpSpjdPeyfpag5X7D,ShEQOFjoJ3TbiyrdVSY8,2,stable
hclBpSpjdPeyfpag5X7D,rvnFpCYCUzSiMcz8uY9G,0,stable
hclBpSpjdPeyfpag5X7D,tHWlZ9jgw30yICMgFoXf,3,stable
hclBpSpjdPeyfpag5X7D,N14I3RHG4eMTmv4hVYgV,2,stable
hclBpSpjdPeyfpag5X7D,ou1L39ZBX2cVOgCqRC4U,3,stable
hclBpSpjdPeyfpag5X7D,36WMVE0pyYvdHsGCfTN1,0,stable
hclBpSpjdPeyfpag5X7D,f6BnhBjeRpHzoPFxN6nR,0,stable
hclBpSpjdPeyfpag5X7D,viVc7jsnkLQomOhVMF4B,4,stable
hclBpSpjdPeyfpag5X7D,IZAkNWrgjXRAei6sZvSk,4,stable
hclBpSpjdPeyfpag5X7D,VZ3Bl4mlCMtGEEF6i48v,1,stable
hclBpSpjdPeyfpag5X7D,7Llx4RJ98Btnh6IN9mEV,1,stable
hclBpSpjdPeyfpag5X7D,oCyIaBpbIFlkdfC8GhCU,0,stable
hclBpSpjdPeyfpag5X7D,E7XtUfs8onabdbjGzbBz,1,stable
hclBpSpjdPeyfpag5X7D,P979GSMI95dxmUeufA3S,3,stable
hclBpSpjdPeyfpag5X7D,T1gsMvM427m6KlWfOZNu,0,stable
vFgPWmSFwYPc9r65fTf1,Bt27Q8szNxm554djfjll,0,stable
vFgPWmSFwYPc9r65fTf1,IolpW1ZCNtoD9YrnQ40v,0,stable
vFgPWmSFwYPc9r65fTf1,MR5UbrWDHvrPDRaZtMtq,0,stable
vFgPWmSFwYPc9r65fTf1,ShEQOFjoJ3TbiyrdVSY8,1,stable
vFgPWmSFwYPc9r65fTf1,xt2xgyf3gmKUeY4QZS7i,1,stable
vFgPWmSFwYPc9r65fTf1,rk4iYvVZpVgG3ajg5XYQ,0,stable
vFgPWmSFwYPc9r65fTf1,viVc7jsnkLQomOhVMF4B,3,stable
vFgPWmSFwYPc9r65fTf1,36WMVE0pyYvdHsGCfTN1,0,stable
vFgPWmSFwYPc9r65fTf1,N14I3RHG4eMTmv4hVYgV,4,stable
vFgPWmSFwYPc9r65fTf1,OiY3llqCz4utTbx5YSmD,1,stable
vFgPWmSFwYPc9r65fTf1,27YAbqQppoprRet39Fu9,5,increased
vFgPWmSFwYPc9r65fTf1,oQrCwSAdGY4QZsS9vu5w,2,stable
vFgPWmSFwYPc9r65fTf1,ou1L39ZBX2cVOgCqRC4U,0,stable
vFgPWmSFwYPc9r65fTf1,7A9INpTW6kQvVQs5gt71,2,stable
vFgPWmSFwYPc9r65fTf1,E7XtUfs8onabdbjGzbBz,4,stable
vFgPWmSFwYPc9r65fTf1,Kp6yx8A3QmPQoiZ8DDn9,1,decreased
vFgPWmSFwYPc9r65fTf1,CEBq3AGVvblVit4ToR4m,2,stable
vFgPWmSFwYPc9r65fTf1,LAKgBAbLVsVbiNcWC5gZ,4,increased
vFgPWmSFwYPc9r65fTf1,RDDvMBaY0BGSm29brbBM,4,stable
vFgPWmSFwYPc9r65fTf1,IZAkNWrgjXRAei6sZvSk,3,stable
vFgPWmSFwYPc9r65fTf1,mtxx11BMiB5F18Gt3M0K,3,stable
vFgPWmSFwYPc9r65fTf1,2FF9ioIbx9maoeSIbwT2,3,stable
vFgPWmSFwYPc9r65fTf1,cIpi3PKA28aZVfzfAta1,2,decreased
vFgPWmSFwYPc9r65fTf1,tHWlZ9jgw30yICMgFoXf,2,decreased
vFgPWmSFwYPc9r65fTf1,rvnFpCYCUzSiMcz8uY9G,0,stable
vFgPWmSFwYPc9r65fTf1,T1gsMvM427m6KlWfOZNu,1,decreased
vFgPWmSFwYPc9r65fTf1,f6BnhBjeRpHzoPFxN6nR,1,stable
vFgPWmSFwYPc9r65fTf1,T3zP8KWUqZa55oOnEYgK,3,stable
vFgPWmSFwYPc9r65fTf1,VZ3Bl4mlCMtGEEF6i48v,3,increased
vFgPWmSFwYPc9r65fTf1,djodU6SjPqbBSiyNuSm3,3,stable
vFgPWmSFwYPc9r65fTf1,IVtn7pbNSsIvCJAAYn50,3,stable
vFgPWmSFwYPc9r65fTf1,pI6LGXXBSBIkc957N9Ot,1,stable
vFgPWmSFwYPc9r65fTf1,1xBqZgSApJDQVQT6BTcn,0,stable
vFgPWmSFwYPc9r65fTf1,vUSsJJgz3xWC7fnZFLmF,0,stable
vFgPWmSFwYPc9r65fTf1,4bYT8V7NDvQ1Pa2ZaqVE,0,stable
vFgPWmSFwYPc9r65fTf1,7Llx4RJ98Btnh6IN9mEV,0,stable
vFgPWmSFwYPc9r65fTf1,oCyIaBpbIFlkdfC8GhCU,0,stable
vFgPWmSFwYPc9r65fTf1,P979GSMI95dxmUeufA3S,3,decreased
vFgPWmSFwYPc9r65fTf1,VSGp97KAddn4cRcklRNZ,0,stable
vFgPWmSFwYPc9r65fTf1,hclBpSpjdPeyfpag5X7D,3,decreased
vFgPWmSFwYPc9r65fTf1,rKGYwNvNpJzLPEdk2WDH,1,stable
tHWlZ9jgw30yICMgFoXf,E7XtUfs8onabdbjGzbBz,2,stable
tHWlZ9jgw30yICMgFoXf,pI6LGXXBSBIkc957N9Ot,2,stable
tHWlZ9jgw30yICMgFoXf,36WMVE0pyYvdHsGCfTN1,1,stable
tHWlZ9jgw30yICMgFoXf,cIpi3PKA28aZVfzfAta1,2,stable
tHWlZ9jgw30yICMgFoXf,4bYT8V7NDvQ1Pa2ZaqVE,0,stable
tHWlZ9jgw30yICMgFoXf,LAKgBAbLVsVbiNcWC5gZ,2,increased
tHWlZ9jgw30yICMgFoXf,oCyIaBpbIFlkdfC8GhCU,0,stable
tHWlZ9jgw30yICMgFoXf,mtxx11BMiB5F18Gt3M0K,1,stable
tHWlZ9jgw30yICMgFoXf,IolpW1ZCNtoD9YrnQ40v,4,increased
tHWlZ9jgw30yICMgFoXf,1xBqZgSApJDQVQT6BTcn,0,stable
tHWlZ9jgw30yICMgFoXf,7A9INpTW6kQvVQs5gt71,4,increased
tHWlZ9jgw30yICMgFoXf,N14I3RHG4eMTmv4hVYgV,0,stable
tHWlZ9jgw30yICMgFoXf,Bt27Q8szNxm554djfjll,0,stable
tHWlZ9jgw30yICMgFoXf,vUSsJJgz3xWC7fnZFLmF,0,stable
tHWlZ9jgw30yICMgFoXf,hclBpSpjdPeyfpag5X7D,1,stable
tHWlZ9jgw30yICMgFoXf,vFgPWmSFwYPc9r65fTf1,2,decreased
tHWlZ9jgw30yICMgFoXf,IVtn7pbNSsIvCJAAYn50,2,stable
tHWlZ9jgw30yICMgFoXf,djodU6SjPqbBSiyNuSm3,2,decreased
tHWlZ9jgw30yICMgFoXf,VZ3Bl4mlCMtGEEF6i48v,2,decreased
tHWlZ9jgw30yICMgFoXf,rk4iYvVZpVgG3ajg5XYQ,1,stable
tHWlZ9jgw30yICMgFoXf,rvnFpCYCUzSiMcz8uY9G,0,stable
tHWlZ9jgw30yICMgFoXf,CEBq3AGVvblVit4ToR4m,1,decreased
tHWlZ9jgw30yICMgFoXf,27YAbqQppoprRet39Fu9,2,stable
tHWlZ9jgw30yICMgFoXf,MR5UbrWDHvrPDRaZtMtq,0,stable
tHWlZ9jgw30yICMgFoXf,T3zP8KWUqZa55oOnEYgK,3,increased
tHWlZ9jgw30yICMgFoXf,rKGYwNvNpJzLPEdk2WDH,2,stable
tHWlZ9jgw30yICMgFoXf,xt2xgyf3gmKUeY4QZS7i,0,stable
tHWlZ9jgw30yICMgFoXf,T1gsMvM427m6KlWfOZNu,3,increased
tHWlZ9jgw30yICMgFoXf,VSGp97KAddn4cRcklRNZ,0,stable
tHWlZ9jgw30yICMgFoXf,Kp6yx8A3QmPQoiZ8DDn9,4,increased
tHWlZ9jgw30yICMgFoXf,P979GSMI95dxmUeufA3S,3,stable
tHWlZ9jgw30yICMgFoXf,IZAkNWrgjXRAei6sZvSk,1,stable
tHWlZ9jgw30yICMgFoXf,2FF9ioIbx9maoeSIbwT2,3,increased
tHWlZ9jgw30yICMgFoXf,ShEQOFjoJ3TbiyrdVSY8,1,stable
tHWlZ9jgw30yICMgFoXf,oQrCwSAdGY4QZsS9vu5w,2,increased
tHWlZ9jgw30yICMgFoXf,ou1L39ZBX2cVOgCqRC4U,0,stable
tHWlZ9jgw30yICMgFoXf,f6BnhBjeRpHzoPFxN6nR,0,stable
tHWlZ9jgw30yICMgFoXf,7Llx4RJ98Btnh6IN9mEV,0,stable
tHWlZ9jgw30yICMgFoXf,RDDvMBaY0BGSm29brbBM,5,stable
tHWlZ9jgw30yICMgFoXf,OiY3llqCz4utTbx5YSmD,2,decreased
tHWlZ9jgw30yICMgFoXf,viVc7jsnkLQomOhVMF4B,1,decreased
VZ3Bl4mlCMtGEEF6i48v,Kp6yx8A3QmPQoiZ8DDn9,0,stable
VZ3Bl4mlCMtGEEF6i48v,ShEQOFjoJ3TbiyrdVSY8,2,stable
VZ3Bl4mlCMtGEEF6i48v,vUSsJJgz3xWC7fnZFLmF,0,stable
VZ3Bl4mlCMtGEEF6i48v,oCyIaBpbIFlkdfC8GhCU,0,stable
VZ3Bl4mlCMtGEEF6i48v,36WMVE0pyYvdHsGCfTN1,1,stable
VZ3Bl4mlCMtGEEF6i48v,7A9INpTW6kQvVQs5gt71,2,stable
VZ3Bl4mlCMtGEEF6i48v,RDDvMBaY0BGSm29brbBM,3,stable
VZ3Bl4mlCMtGEEF6i48v,E7XtUfs8onabdbjGzbBz,1,stable
VZ3Bl4mlCMtGEEF6i48v,rk4iYvVZpVgG3ajg5XYQ,0,stable
VZ3Bl4mlCMtGEEF6i48v,pI6LGXXBSBIkc957N9Ot,0,stable
VZ3Bl4mlCMtGEEF6i48v,djodU6SjPqbBSiyNuSm3,2,decreased
VZ3Bl4mlCMtGEEF6i48v,hclBpSpjdPeyfpag5X7D,1,stable
VZ3Bl4mlCMtGEEF6i48v,CEBq3AGVvblVit4ToR4m,0,stable
VZ3Bl4mlCMtGEEF6i48v,IZAkNWrgjXRAei6sZvSk,1,stable
VZ3Bl4mlCMtGEEF6i48v,N14I3RHG4eMTmv4hVYgV,1,stable
VZ3Bl4mlCMtGEEF6i48v,1xBqZgSApJDQVQT6BTcn,0,stable
VZ3Bl4mlCMtGEEF6i48v,ou1L39ZBX2cVOgCqRC4U,0,stable
VZ3Bl4mlCMtGEEF6i48v,oQrCwSAdGY4QZsS9vu5w,1,stable
VZ3Bl4mlCMtGEEF6i48v,Bt27Q8szNxm554djfjll,1,stable
VZ3Bl4mlCMtGEEF6i48v,f6BnhBjeRpHzoPFxN6nR,1,stable
VZ3Bl4mlCMtGEEF6i48v,VSGp97KAddn4cRcklRNZ,0,stable
VZ3Bl4mlCMtGEEF6i48v,T1gsMvM427m6KlWfOZNu,0,stable
VZ3Bl4mlCMtGEEF6i48v,MR5UbrWDHvrPDRaZtMtq,0,stable
VZ3Bl4mlCMtGEEF6i48v,rKGYwNvNpJzLPEdk2WDH,1,stable
VZ3Bl4mlCMtGEEF6i48v,T3zP8KWUqZa55oOnEYgK,1,stable
VZ3Bl4mlCMtGEEF6i48v,7Llx4RJ98Btnh6IN9mEV,1,stable
VZ3Bl4mlCMtGEEF6i48v,OiY3llqCz4utTbx5YSmD,0,stable
VZ3Bl4mlCMtGEEF6i48v,vFgPWmSFwYPc9r65fTf1,3,increased
VZ3Bl4mlCMtGEEF6i48v,mtxx11BMiB5F18Gt3M0K,1,stable
VZ3Bl4mlCMtGEEF6i48v,cIpi3PKA28aZVfzfAta1,3,decreased
VZ3Bl4mlCMtGEEF6i48v,viVc7jsnkLQomOhVMF4B,3,decreased
VZ3Bl4mlCMtGEEF6i48v,4bYT8V7NDvQ1Pa2ZaqVE,0,stable
VZ3Bl4mlCMtGEEF6i48v,IVtn7pbNSsIvCJAAYn50,3,decreased
VZ3Bl4mlCMtGEEF6i48v,rvnFpCYCUzSiMcz8uY9G,2,decreased
VZ3Bl4mlCMtGEEF6i48v,P979GSMI95dxmUeufA3S,3,stable
VZ3Bl4mlCMtGEEF6i48v,tHWlZ9jgw30yICMgFoXf,2,stable
VZ3Bl4mlCMtGEEF6i48v,2FF9ioIbx9maoeSIbwT2,3,increased
VZ3Bl4mlCMtGEEF6i48v,xt2xgyf3gmKUeY4QZS7i,0,stable
VZ3Bl4mlCMtGEEF6i48v,27YAbqQppoprRet39Fu9,3,stable
VZ3Bl4mlCMtGEEF6i48v,IolpW1ZCNtoD9YrnQ40v,3,stable
VZ3Bl4mlCMtGEEF6i48v,LAKgBAbLVsVbiNcWC5gZ,5,stable
27YAbqQppoprRet39Fu9,tHWlZ9jgw30yICMgFoXf,2,stable
27YAbqQppoprRet39Fu9,IZAkNWrgjXRAei6sZvSk,3,stable
27YAbqQppoprRet39Fu9,4bYT8V7NDvQ1Pa2ZaqVE,0,stable
27YAbqQppoprRet39Fu9,T1gsMvM427m6KlWfOZNu,0,stable
27YAbqQppoprRet39Fu9,VSGp97KAddn4cRcklRNZ,0,stable
27YAbqQppoprRet39Fu9,OiY3llqCz4utTbx5YSmD,0,stable
27YAbqQppoprRet39Fu9,Kp6yx8A3QmPQoiZ8DDn9,0,stable
27YAbqQppoprRet39Fu9,RDDvMBaY0BGSm29brbBM,4,stable
27YAbqQppoprRet39Fu9,rk4iYvVZpVgG3ajg5XYQ,1,stable
27YAbqQppoprRet39Fu9,djodU6SjPqbBSiyNuSm3,2,stable
27YAbqQppoprRet39Fu9,E7XtUfs8onabdbjGzbBz,4,decreased
27YAbqQppoprRet39Fu9,mtxx11BMiB5F18Gt3M0K,1,stable
27YAbqQppoprRet39Fu9,xt2xgyf3gmKUeY4QZS7i,2,stable
27YAbqQppoprRet39Fu9,7Llx4RJ98Btnh6IN9mEV,0,stable
27YAbqQppoprRet39Fu9,CEBq3AGVvblVit4ToR4m,0,stable
27YAbqQppoprRet39Fu9,T3zP8KWUqZa55oOnEYgK,1,stable
27YAbqQppoprRet39Fu9,pI6LGXXBSBIkc957N9Ot,0,stable
27YAbqQppoprRet39Fu9,vUSsJJgz3xWC7fnZFLmF,0,stable
27YAbqQppoprRet39Fu9,rvnFpCYCUzSiMcz8uY9G,2,stable
27YAbqQppoprRet39Fu9,hclBpSpjdPeyfpag5X7D,2,decreased
27YAbqQppoprRet39Fu9,viVc7jsnkLQomOhVMF4B,3,stable
27YAbqQppoprRet39Fu9,N14I3RHG4eMTmv4hVYgV,4,stable
27YAbqQppoprRet39Fu9,ou1L39ZBX2cVOgCqRC4U,0,stable
27YAbqQppoprRet39Fu9,oCyIaBpbIFlkdfC8GhCU,2,stable
27YAbqQppoprRet39Fu9,1xBqZgSApJDQVQT6BTcn,0,stable
27YAbqQppoprRet39Fu9,f6BnhBjeRpHzoPFxN6nR,1,stable
27YAbqQppoprRet39Fu9,IolpW1ZCNtoD9YrnQ40v,2,stable
27YAbqQppoprRet39Fu9,7A9INpTW6kQvVQs5gt71,2,stable
27YAbqQppoprRet39Fu9,36WMVE0pyYvdHsGCfTN1,0,stable
27YAbqQppoprRet39Fu9,ShEQOFjoJ3TbiyrdVSY8,4,increased
27YAbqQppoprRet39Fu9,MR5UbrWDHvrPDRaZtMtq,0,stable
27YAbqQppoprRet39Fu9,IVtn7pbNSsIvCJAAYn50,3,stable
27YAbqQppoprRet39Fu9,P979GSMI95dxmUeufA3S,3,decreased
27YAbqQppoprRet39Fu9,vFgPWmSFwYPc9r65fTf1,5,stable
27YAbqQppoprRet39Fu9,2FF9ioIbx9maoeSIbwT2,3,increased
27YAbqQppoprRet39Fu9,oQrCwSAdGY4QZsS9vu5w,3,stable
27YAbqQppoprRet39Fu9,cIpi3PKA28aZVfzfAta1,3,stable
27YAbqQppoprRet39Fu9,LAKgBAbLVsVbiNcWC5gZ,4,increased
27YAbqQppoprRet39Fu9,Bt27Q8szNxm554djfjll,0,stable
27YAbqQppoprRet39Fu9,rKGYwNvNpJzLPEdk2WDH,1,stable
27YAbqQppoprRet39Fu9,VZ3Bl4mlCMtGEEF6i48v,3,increased
N14I3RHG4eMTmv4hVYgV,djodU6SjPqbBSiyNuSm3,3,stable
N14I3RHG4eMTmv4hVYgV,36WMVE0pyYvdHsGCfTN1,0,stable
N14I3RHG4eMTmv4hVYgV,rk4iYvVZpVgG3ajg5XYQ,1,decreased
N14I3RHG4eMTmv4hVYgV,VSGp97KAddn4cRcklRNZ,0,stable
N14I3RHG4eMTmv4hVYgV,LAKgBAbLVsVbiNcWC5gZ,2,stable
N14I3RHG4eMTmv4hVYgV,viVc7jsnkLQomOhVMF4B,0,stable
N14I3RHG4eMTmv4hVYgV,P979GSMI95dxmUeufA3S,2,stable
N14I3RHG4eMTmv4hVYgV,rKGYwNvNpJzLPEdk2WDH,1,stable
N14I3RHG4eMTmv4hVYgV,MR5UbrWDHvrPDRaZtMtq,0,stable
N14I3RHG4eMTmv4hVYgV,IolpW1ZCNtoD9YrnQ40v,2,stable
N14I3RHG4eMTmv4hVYgV,E7XtUfs8onabdbjGzbBz,3,stable
N14I3RHG4eMTmv4hVYgV,IZAkNWrgjXRAei6sZvSk,2,stable
N14I3RHG4eMTmv4hVYgV,27YAbqQppoprRet39Fu9,3,stable
N14I3RHG4eMTmv4hVYgV,IVtn7pbNSsIvCJAAYn50,2,stable
N14I3RHG4eMTmv4hVYgV,xt2xgyf3gmKUeY4QZS7i,0,stable
N14I3RHG4eMTmv4hVYgV,vUSsJJgz3xWC7fnZFLmF,0,stable
N14I3RHG4eMTmv4hVYgV,hclBpSpjdPeyfpag5X7D,0,stable
N14I3RHG4eMTmv4hVYgV,Kp6yx8A3QmPQoiZ8DDn9,0,stable
N14I3RHG4eMTmv4hVYgV,rvnFpCYCUzSiMcz8uY9G,0,stable
N14I3RHG4eMTmv4hVYgV,oCyIaBpbIFlkdfC8GhCU,0,stable
N14I3RHG4eMTmv4hVYgV,T1gsMvM427m6KlWfOZNu,0,stable
N14I3RHG4eMTmv4hVYgV,OiY3llqCz4utTbx5YSmD,2,decreased
N14I3RHG4eMTmv4hVYgV,7A9INpTW6kQvVQs5gt71,2,stable
N14I3RHG4eMTmv4hVYgV,RDDvMBaY0BGSm29brbBM,2,stable
N14I3RHG4eMTmv4hVYgV,ShEQOFjoJ3TbiyrdVSY8,1,stable
N14I3RHG4eMTmv4hVYgV,cIpi3PKA28aZVfzfAta1,2,stable
N14I3RHG4eMTmv4hVYgV,f6BnhBjeRpHzoPFxN6nR,0,stable
N14I3RHG4eMTmv4hVYgV,vFgPWmSFwYPc9r65fTf1,3,stable
N14I3RHG4eMTmv4hVYgV,oQrCwSAdGY4QZsS9vu5w,2,stable
N14I3RHG4eMTmv4hVYgV,T3zP8KWUqZa55oOnEYgK,1,stable
N14I3RHG4eMTmv4hVYgV,ou1L39ZBX2cVOgCqRC4U,0,stable
N14I3RHG4eMTmv4hVYgV,mtxx11BMiB5F18Gt3M0K,0,stable
N14I3RHG4eMTmv4hVYgV,1xBqZgSApJDQVQT6BTcn,0,stable
N14I3RHG4eMTmv4hVYgV,7Llx4RJ98Btnh6IN9mEV,0,stable
N14I3RHG4eMTmv4hVYgV,VZ3Bl4mlCMtGEEF6i48v,2,stable
N14I3RHG4eMTmv4hVYgV,CEBq3AGVvblVit4ToR4m,0,stable
N14I3RHG4eMTmv4hVYgV,tHWlZ9jgw30yICMgFoXf,1,stable
N14I3RHG4eMTmv4hVYgV,2FF9ioIbx9maoeSIbwT2,2,stable
N14I3RHG4eMTmv4hVYgV,pI6LGXXBSBIkc957N9Ot,0,stable
N14I3RHG4eMTmv4hVYgV,Bt27Q8szNxm554djfjll,0,stable
N14I3RHG4eMTmv4hVYgV,4bYT8V7NDvQ1Pa2ZaqVE,0,stable
viVc7jsnkLQomOhVMF4B,MR5UbrWDHvrPDRaZtMtq,0,stable
viVc7jsnkLQomOhVMF4B,pI6LGXXBSBIkc957N9Ot,2,stable
viVc7jsnkLQomOhVMF4B,VZ3Bl4mlCMtGEEF6i48v,4,increased
viVc7jsnkLQomOhVMF4B,1xBqZgSApJDQVQT6BTcn,0,stable
viVc7jsnkLQomOhVMF4B,E7XtUfs8onabdbjGzbBz,1,stable
viVc7jsnkLQomOhVMF4B,IVtn7pbNSsIvCJAAYn50,5,increased
viVc7jsnkLQomOhVMF4B,ShEQOFjoJ3TbiyrdVSY8,3,increased
viVc7jsnkLQomOhVMF4B,vUSsJJgz3xWC7fnZFLmF,0,stable
viVc7jsnkLQomOhVMF4B,27YAbqQppoprRet39Fu9,3,stable
viVc7jsnkLQomOhVMF4B,VSGp97KAddn4cRcklRNZ,0,stable
viVc7jsnkLQomOhVMF4B,IZAkNWrgjXRAei6sZvSk,4,increased
viVc7jsnkLQomOhVMF4B,CEBq3AGVvblVit4ToR4m,4,stable
viVc7jsnkLQomOhVMF4B,T1gsMvM427m6KlWfOZNu,0,stable
viVc7jsnkLQomOhVMF4B,IolpW1ZCNtoD9YrnQ40v,4,increased
viVc7jsnkLQomOhVMF4B,Bt27Q8szNxm554djfjll,5,increased
viVc7jsnkLQomOhVMF4B,oCyIaBpbIFlkdfC8GhCU,0,stable
viVc7jsnkLQomOhVMF4B,7A9INpTW6kQvVQs5gt71,3,stable
viVc7jsnkLQomOhVMF4B,7Llx4RJ98Btnh6IN9mEV,0,stable
viVc7jsnkLQomOhVMF4B,mtxx11BMiB5F18Gt3M0K,4,increased
viVc7jsnkLQomOhVMF4B,4bYT8V7NDvQ1Pa2ZaqVE,0,stable
viVc7jsnkLQomOhVMF4B,hclBpSpjdPeyfpag5X7D,4,increased
viVc7jsnkLQomOhVMF4B,OiY3llqCz4utTbx5YSmD,0,stable
viVc7jsnkLQomOhVMF4B,T3zP8KWUqZa55oOnEYgK,5,increased
viVc7jsnkLQomOhVMF4B,36WMVE0pyYvdHsGCfTN1,1,stable
viVc7jsnkLQomOhVMF4B,vFgPWmSFwYPc9r65fTf1,3,stable
viVc7jsnkLQomOhVMF4B,xt2xgyf3gmKUeY4QZS7i,4,increased
viVc7jsnkLQomOhVMF4B,rvnFpCYCUzSiMcz8uY9G,0,stable
viVc7jsnkLQomOhVMF4B,rk4iYvVZpVgG3ajg5XYQ,0,stable
viVc7jsnkLQomOhVMF4B,Kp6yx8A3QmPQoiZ8DDn9,0,stable
viVc7jsnkLQomOhVMF4B,tHWlZ9jgw30yICMgFoXf,1,stable
viVc7jsnkLQomOhVMF4B,f6BnhBjeRpHzoPFxN6nR,1,stable
viVc7jsnkLQomOhVMF4B,N14I3RHG4eMTmv4hVYgV,2,stable
viVc7jsnkLQomOhVMF4B,RDDvMBaY0BGSm29brbBM,3,stable
viVc7jsnkLQomOhVMF4B,LAKgBAbLVsVbiNcWC5gZ,4,increased
viVc7jsnkLQomOhVMF4B,cIpi3PKA28aZVfzfAta1,4,increased
viVc7jsnkLQomOhVMF4B,rKGYwNvNpJzLPEdk2WDH,3,decreased
viVc7jsnkLQomOhVMF4B,ou1L39ZBX2cVOgCqRC4U,0,stable
viVc7jsnkLQomOhVMF4B,djodU6SjPqbBSiyNuSm3,2,decreased
viVc7jsnkLQomOhVMF4B,2FF9ioIbx9maoeSIbwT2,4,increased
viVc7jsnkLQomOhVMF4B,P979GSMI95dxmUeufA3S,3,increased
viVc7jsnkLQomOhVMF4B,oQrCwSAdGY4QZsS9vu5w,4,stable
36WMVE0pyYvdHsGCfTN1,1xBqZgSApJDQVQT6BTcn,0,stable
36WMVE0pyYvdHsGCfTN1,Bt27Q8szNxm554djfjll,0,stable
36WMVE0pyYvdHsGCfTN1,RDDvMBaY0BGSm29brbBM,1,stable
36WMVE0pyYvdHsGCfTN1,rk4iYvVZpVgG3ajg5XYQ,0,stable
36WMVE0pyYvdHsGCfTN1,T3zP8KWUqZa55oOnEYgK,1,increased
36WMVE0pyYvdHsGCfTN1,P979GSMI95dxmUeufA3S,1,stable
36WMVE0pyYvdHsGCfTN1,LAKgBAbLVsVbiNcWC5gZ,2,increased
36WMVE0pyYvdHsGCfTN1,vUSsJJgz3xWC7fnZFLmF,0,stable
36WMVE0pyYvdHsGCfTN1,djodU6SjPqbBSiyNuSm3,1,stable
36WMVE0pyYvdHsGCfTN1,CEBq3AGVvblVit4ToR4m,1,stable
36WMVE0pyYvdHsGCfTN1,cIpi3PKA28aZVfzfAta1,2,increased
36WMVE0pyYvdHsGCfTN1,7Llx4RJ98Btnh6IN9mEV,1,stable
36WMVE0pyYvdHsGCfTN1,OiY3llqCz4utTbx5YSmD,0,stable
36WMVE0pyYvdHsGCfTN1,hclBpSpjdPeyfpag5X7D,2,stable
36WMVE0pyYvdHsGCfTN1,IVtn7pbNSsIvCJAAYn50,2,stable
36WMVE0pyYvdHsGCfTN1,tHWlZ9jgw30yICMgFoXf,1,stable
36WMVE0pyYvdHsGCfTN1,7A9INpTW6kQvVQs5gt71,2,stable
36WMVE0pyYvdHsGCfTN1,vFgPWmSFwYPc9r65fTf1,2,increased
36WMVE0pyYvdHsGCfTN1,VZ3Bl4mlCMtGEEF6i48v,0,stable
36WMVE0pyYvdHsGCfTN1,Kp6yx8A3QmPQoiZ8DDn9,3,increased
36WMVE0pyYvdHsGCfTN1,rvnFpCYCUzSiMcz8uY9G,0,stable
36WMVE0pyYvdHsGCfTN1,pI6LGXXBSBIkc957N9Ot,4,increased
36WMVE0pyYvdHsGCfTN1,N14I3RHG4eMTmv4hVYgV,2,increased
36WMVE0pyYvdHsGCfTN1,mtxx11BMiB5F18Gt3M0K,2,increased
36WMVE0pyYvdHsGCfTN1,27YAbqQppoprRet39Fu9,2,increased
36WMVE0pyYvdHsGCfTN1,MR5UbrWDHvrPDRaZtMtq,1,stable
36WMVE0pyYvdHsGCfTN1,ou1L39ZBX2cVOgCqRC4U,0,stable
36WMVE0pyYvdHsGCfTN1,oQrCwSAdGY4QZsS9vu5w,1,stable
36WMVE0pyYvdHsGCfTN1,2FF9ioIbx9maoeSIbwT2,0,stable
36WMVE0pyYvdHsGCfTN1,ShEQOFjoJ3TbiyrdVSY8,1,increased
36WMVE0pyYvdHsGCfTN1,f6BnhBjeRpHzoPFxN6nR,0,stable
36WMVE0pyYvdHsGCfTN1,T1gsMvM427m6KlWfOZNu,0,stable
36WMVE0pyYvdHsGCfTN1,xt2xgyf3gmKUeY4QZS7i,0,stable
36WMVE0pyYvdHsGCfTN1,VSGp97KAddn4cRcklRNZ,1,stable
36WMVE0pyYvdHsGCfTN1,4bYT8V7NDvQ1Pa2ZaqVE,0,stable
36WMVE0pyYvdHsGCfTN1,IZAkNWrgjXRAei6sZvSk,1,stable
36WMVE0pyYvdHsGCfTN1,IolpW1ZCNtoD9YrnQ40v,2,increased
36WMVE0pyYvdHsGCfTN1,viVc7jsnkLQomOhVMF4B,1,stable
36WMVE0pyYvdHsGCfTN1,E7XtUfs8onabdbjGzbBz,2,increased
36WMVE0pyYvdHsGCfTN1,rKGYwNvNpJzLPEdk2WDH,1,stable
36WMVE0pyYvdHsGCfTN1,oCyIaBpbIFlkdfC8GhCU,1,stable
oQrCwSAdGY4QZsS9vu5w,djodU6SjPqbBSiyNuSm3,1,stable
oQrCwSAdGY4QZsS9vu5w,tHWlZ9jgw30yICMgFoXf,2,increased
oQrCwSAdGY4QZsS9vu5w,2FF9ioIbx9maoeSIbwT2,3,increased
oQrCwSAdGY4QZsS9vu5w,7Llx4RJ98Btnh6IN9mEV,0,stable
oQrCwSAdGY4QZsS9vu5w,rk4iYvVZpVgG3ajg5XYQ,0,stable
oQrCwSAdGY4QZsS9vu5w,viVc7jsnkLQomOhVMF4B,4,stable
oQrCwSAdGY4QZsS9vu5w,rKGYwNvNpJzLPEdk2WDH,2,stable
oQrCwSAdGY4QZsS9vu5w,VSGp97KAddn4cRcklRNZ,0,stable
oQrCwSAdGY4QZsS9vu5w,P979GSMI95dxmUeufA3S,2,stable
oQrCwSAdGY4QZsS9vu5w,4bYT8V7NDvQ1Pa2ZaqVE,0,stable
oQrCwSAdGY4QZsS9vu5w,f6BnhBjeRpHzoPFxN6nR,0,stable
oQrCwSAdGY4QZsS9vu5w,oCyIaBpbIFlkdfC8GhCU,0,stable
oQrCwSAdGY4QZsS9vu5w,mtxx11BMiB5F18Gt3M0K,3,stable
oQrCwSAdGY4QZsS9vu5w,Kp6yx8A3QmPQoiZ8DDn9,0,stable
oQrCwSAdGY4QZsS9vu5w,Bt27Q8szNxm554djfjll,3,stable
oQrCwSAdGY4QZsS9vu5w,N14I3RHG4eMTmv4hVYgV,2,stable
oQrCwSAdGY4QZsS9vu5w,IZAkNWrgjXRAei6sZvSk,4,stable
oQrCwSAdGY4QZsS9vu5w,rvnFpCYCUzSiMcz8uY9G,0,stable
oQrCwSAdGY4QZsS9vu5w,ShEQOFjoJ3TbiyrdVSY8,3,stable
oQrCwSAdGY4QZsS9vu5w,vUSsJJgz3xWC7fnZFLmF,0,stable
oQrCwSAdGY4QZsS9vu5w,T3zP8KWUqZa55oOnEYgK,3,stable
oQrCwSAdGY4QZsS9vu5w,pI6LGXXBSBIkc957N9Ot,0,stable
oQrCwSAdGY4QZsS9vu5w,VZ3Bl4mlCMtGEEF6i48v,3,stable
oQrCwSAdGY4QZsS9vu5w,ou1L39ZBX2cVOgCqRC4U,0,stable
oQrCwSAdGY4QZsS9vu5w,IolpW1ZCNtoD9YrnQ40v,3,stable
oQrCwSAdGY4QZsS9vu5w,MR5UbrWDHvrPDRaZtMtq,0,stable
oQrCwSAdGY4QZsS9vu5w,E7XtUfs8onabdbjGzbBz,3,stable
oQrCwSAdGY4QZsS9vu5w,OiY3llqCz4utTbx5YSmD,0,stable
oQrCwSAdGY4QZsS9vu5w,vFgPWmSFwYPc9r65fTf1,3,stable
oQrCwSAdGY4QZsS9vu5w,1xBqZgSApJDQVQT6BTcn,0,stable
oQrCwSAdGY4QZsS9vu5w,CEBq3AGVvblVit4ToR4m,4,stable
oQrCwSAdGY4QZsS9vu5w,36WMVE0pyYvdHsGCfTN1,0,stable
oQrCwSAdGY4QZsS9vu5w,RDDvMBaY0BGSm29brbBM,3,stable
oQrCwSAdGY4QZsS9vu5w,cIpi3PKA28aZVfzfAta1,3,stable
oQrCwSAdGY4QZsS9vu5w,IVtn7pbNSsIvCJAAYn50,4,stable
oQrCwSAdGY4QZsS9vu5w,7A9INpTW6kQvVQs5gt71,3,stable
oQrCwSAdGY4QZsS9vu5w,LAKgBAbLVsVbiNcWC5gZ,3,stable
oQrCwSAdGY4QZsS9vu5w,27YAbqQppoprRet39Fu9,3,stable
oQrCwSAdGY4QZsS9vu5w,T1gsMvM427m6KlWfOZNu,1,stable
oQrCwSAdGY4QZsS9vu5w,xt2xgyf3gmKUeY4QZS7i,0,stable
oQrCwSAdGY4QZsS9vu5w,hclBpSpjdPeyfpag5X7D,5,increased
rKGYwNvNpJzLPEdk2WDH,oQrCwSAdGY4QZsS9vu5w,2,stable
rKGYwNvNpJzLPEdk2WDH,T1gsMvM427m6KlWfOZNu,0,stable
rKGYwNvNpJzLPEdk2WDH,1xBqZgSApJDQVQT6BTcn,0,stable
rKGYwNvNpJzLPEdk2WDH,cIpi3PKA28aZVfzfAta1,2,stable
rKGYwNvNpJzLPEdk2WDH,IVtn7pbNSsIvCJAAYn50,2,stable
rKGYwNvNpJzLPEdk2WDH,VZ3Bl4mlCMtGEEF6i48v,1,stable
rKGYwNvNpJzLPEdk2WDH,xt2xgyf3gmKUeY4QZS7i,1,stable
rKGYwNvNpJzLPEdk2WDH,ShEQOFjoJ3TbiyrdVSY8,5,increased
rKGYwNvNpJzLPEdk2WDH,djodU6SjPqbBSiyNuSm3,1,decreased
rKGYwNvNpJzLPEdk2WDH,E7XtUfs8onabdbjGzbBz,1,stable
rKGYwNvNpJzLPEdk2WDH,7A9INpTW6kQvVQs5gt71,2,stable
rKGYwNvNpJzLPEdk2WDH,hclBpSpjdPeyfpag5X7D,1,stable
rKGYwNvNpJzLPEdk2WDH,mtxx11BMiB5F18Gt3M0K,3,increased
rKGYwNvNpJzLPEdk2WDH,ou1L39ZBX2cVOgCqRC4U,0,stable
rKGYwNvNpJzLPEdk2WDH,rk4iYvVZpVgG3ajg5XYQ,0,stable
rKGYwNvNpJzLPEdk2WDH,IZAkNWrgjXRAei6sZvSk,1,stable
rKGYwNvNpJzLPEdk2WDH,4bYT8V7NDvQ1Pa2ZaqVE,0,stable
rKGYwNvNpJzLPEdk2WDH,rvnFpCYCUzSiMcz8uY9G,0,stable
rKGYwNvNpJzLPEdk2WDH,RDDvMBaY0BGSm29brbBM,1,stable
rKGYwNvNpJzLPEdk2WDH,f6BnhBjeRpHzoPFxN6nR,2,decreased
rKGYwNvNpJzLPEdk2WDH,N14I3RHG4eMTmv4hVYgV,0,stable
rKGYwNvNpJzLPEdk2WDH,T3zP8KWUqZa55oOnEYgK,1,stable
rKGYwNvNpJzLPEdk2WDH,P979GSMI95dxmUeufA3S,3,increased
rKGYwNvNpJzLPEdk2WDH,OiY3llqCz4utTbx5YSmD,1,stable
rKGYwNvNpJzLPEdk2WDH,pI6LGXXBSBIkc957N9Ot,0,stable
rKGYwNvNpJzLPEdk2WDH,CEBq3AGVvblVit4ToR4m,1,stable
rKGYwNvNpJzLPEdk2WDH,Bt27Q8szNxm554djfjll,0,stable
rKGYwNvNpJzLPEdk2WDH,vFgPWmSFwYPc9r65fTf1,1,stable
rKGYwNvNpJzLPEdk2WDH,tHWlZ9jgw30yICMgFoXf,1,stable
rKGYwNvNpJzLPEdk2WDH,vUSsJJgz3xWC7fnZFLmF,0,stable
rKGYwNvNpJzLPEdk2WDH,LAKgBAbLVsVbiNcWC5gZ,1,increased
rKGYwNvNpJzLPEdk2WDH,MR5UbrWDHvrPDRaZtMtq,0,stable
rKGYwNvNpJzLPEdk2WDH,7Llx4RJ98Btnh6IN9mEV,1,stable
rKGYwNvNpJzLPEdk2WDH,VSGp97KAddn4cRcklRNZ,0,stable
rKGYwNvNpJzLPEdk2WDH,36WMVE0pyYvdHsGCfTN1,0,stable
rKGYwNvNpJzLPEdk2WDH,viVc7jsnkLQomOhVMF4B,3,decreased
rKGYwNvNpJzLPEdk2WDH,2FF9ioIbx9maoeSIbwT2,1,stable
rKGYwNvNpJzLPEdk2WDH,27YAbqQppoprRet39Fu9,2,decreased
rKGYwNvNpJzLPEdk2WDH,oCyIaBpbIFlkdfC8GhCU,0,stable
rKGYwNvNpJzLPEdk2WDH,IolpW1ZCNtoD9YrnQ40v,2,decreased
rKGYwNvNpJzLPEdk2WDH,Kp6yx8A3QmPQoiZ8DDn9,0,stable
E7XtUfs8onabdbjGzbBz,djodU6SjPqbBSiyNuSm3,2,stable
E7XtUfs8onabdbjGzbBz,VSGp97KAddn4cRcklRNZ,1,decreased
E7XtUfs8onabdbjGzbBz,CEBq3AGVvblVit4ToR4m,2,stable
E7XtUfs8onabdbjGzbBz,rvnFpCYCUzSiMcz8uY9G,2,increased
E7XtUfs8onabdbjGzbBz,2FF9ioIbx9maoeSIbwT2,2,stable
E7XtUfs8onabdbjGzbBz,27YAbqQppoprRet39Fu9,3,increased
E7XtUfs8onabdbjGzbBz,pI6LGXXBSBIkc957N9Ot,3,stable
E7XtUfs8onabdbjGzbBz,rk4iYvVZpVgG3ajg5XYQ,3,stable
E7XtUfs8onabdbjGzbBz,MR5UbrWDHvrPDRaZtMtq,2,stable
E7XtUfs8onabdbjGzbBz,oCyIaBpbIFlkdfC8GhCU,2,stable
E7XtUfs8onabdbjGzbBz,rKGYwNvNpJzLPEdk2WDH,2,stable
E7XtUfs8onabdbjGzbBz,7Llx4RJ98Btnh6IN9mEV,1,stable
E7XtUfs8onabdbjGzbBz,Kp6yx8A3QmPQoiZ8DDn9,1,stable
E7XtUfs8onabdbjGzbBz,mtxx11BMiB5F18Gt3M0K,2,stable
E7XtUfs8onabdbjGzbBz,xt2xgyf3gmKUeY4QZS7i,1,stable
E7XtUfs8onabdbjGzbBz,Bt27Q8szNxm554djfjll,1,stable
E7XtUfs8onabdbjGzbBz,7A9INpTW6kQvVQs5gt71,2,stable
E7XtUfs8onabdbjGzbBz,RDDvMBaY0BGSm29brbBM,3,stable
E7XtUfs8onabdbjGzbBz,4bYT8V7NDvQ1Pa2ZaqVE,1,stable
E7XtUfs8onabdbjGzbBz,f6BnhBjeRpHzoPFxN6nR,3,increased
E7XtUfs8onabdbjGzbBz,ShEQOFjoJ3TbiyrdVSY8,3,stable
E7XtUfs8onabdbjGzbBz,T1gsMvM427m6KlWfOZNu,3,decreased
E7XtUfs8onabdbjGzbBz,N14I3RHG4eMTmv4hVYgV,3,stable
E7XtUfs8onabdbjGzbBz,vUSsJJgz3xWC7fnZFLmF,1,decreased
E7XtUfs8onabdbjGzbBz,LAKgBAbLVsVbiNcWC5gZ,3,stable
E7XtUfs8onabdbjGzbBz,oQrCwSAdGY4QZsS9vu5w,2,stable
E7XtUfs8onabdbjGzbBz,1xBqZgSApJDQVQT6BTcn,1,stable
E7XtUfs8onabdbjGzbBz,ou1L39ZBX2cVOgCqRC4U,1,stable
E7XtUfs8onabdbjGzbBz,OiY3llqCz4utTbx5YSmD,2,stable
E7XtUfs8onabdbjGzbBz,IVtn7pbNSsIvCJAAYn50,2,stable
E7XtUfs8onabdbjGzbBz,IZAkNWrgjXRAei6sZvSk,2,stable
E7XtUfs8onabdbjGzbBz,T3zP8KWUqZa55oOnEYgK,2,stable
E7XtUfs8onabdbjGzbBz,IolpW1ZCNtoD9YrnQ40v,3,stable
E7XtUfs8onabdbjGzbBz,P979GSMI95dxmUeufA3S,3,stable
E7XtUfs8onabdbjGzbBz,36WMVE0pyYvdHsGCfTN1,3,stable
E7XtUfs8onabdbjGzbBz,VZ3Bl4mlCMtGEEF6i48v,2,stable
E7XtUfs8onabdbjGzbBz,viVc7jsnkLQomOhVMF4B,3,stable
E7XtUfs8onabdbjGzbBz,tHWlZ9jgw30yICMgFoXf,3,stable
E7XtUfs8onabdbjGzbBz,cIpi3PKA28aZVfzfAta1,2,stable
E7XtUfs8onabdbjGzbBz,hclBpSpjdPeyfpag5X7D,2,stable
E7XtUfs8onabdbjGzbBz,vFgPWmSFwYPc9r65fTf1,3,increased
CEBq3AGVvblVit4ToR4m,OiY3llqCz4utTbx5YSmD,0,stable
CEBq3AGVvblVit4ToR4m,ou1L39ZBX2cVOgCqRC4U,0,stable
CEBq3AGVvblVit4ToR4m,djodU6SjPqbBSiyNuSm3,1,decreased
CEBq3AGVvblVit4ToR4m,2FF9ioIbx9maoeSIbwT2,2,decreased
CEBq3AGVvblVit4ToR4m,rKGYwNvNpJzLPEdk2WDH,1,decreased
CEBq3AGVvblVit4ToR4m,xt2xgyf3gmKUeY4QZS7i,0,stable
CEBq3AGVvblVit4ToR4m,f6BnhBjeRpHzoPFxN6nR,1,stable
CEBq3AGVvblVit4ToR4m,36WMVE0pyYvdHsGCfTN1,0,stable
CEBq3AGVvblVit4ToR4m,viVc7jsnkLQomOhVMF4B,4,stable
CEBq3AGVvblVit4ToR4m,oQrCwSAdGY4QZsS9vu5w,3,stable
CEBq3AGVvblVit4ToR4m,hclBpSpjdPeyfpag5X7D,3,stable
CEBq3AGVvblVit4ToR4m,Bt27Q8szNxm554djfjll,0,stable
CEBq3AGVvblVit4ToR4m,N14I3RHG4eMTmv4hVYgV,0,stable
CEBq3AGVvblVit4ToR4m,27YAbqQppoprRet39Fu9,2,decreased
CEBq3AGVvblVit4ToR4m,VSGp97KAddn4cRcklRNZ,1,decreased
CEBq3AGVvblVit4ToR4m,mtxx11BMiB5F18Gt3M0K,1,stable
CEBq3AGVvblVit4ToR4m,rvnFpCYCUzSiMcz8uY9G,0,stable
CEBq3AGVvblVit4ToR4m,7Llx4RJ98Btnh6IN9mEV,0,stable
CEBq3AGVvblVit4ToR4m,cIpi3PKA28aZVfzfAta1,2,decreased
CEBq3AGVvblVit4ToR4m,IZAkNWrgjXRAei6sZvSk,5,increased
CEBq3AGVvblVit4ToR4m,7A9INpTW6kQvVQs5gt71,2,decreased
CEBq3AGVvblVit4ToR4m,vFgPWmSFwYPc9r65fTf1,2,decreased
CEBq3AGVvblVit4ToR4m,ShEQOFjoJ3TbiyrdVSY8,2,decreased
CEBq3AGVvblVit4ToR4m,rk4iYvVZpVgG3ajg5XYQ,0,stable
CEBq3AGVvblVit4ToR4m,VZ3Bl4mlCMtGEEF6i48v,1,decreased
CEBq3AGVvblVit4ToR4m,Kp6yx8A3QmPQoiZ8DDn9,0,stable
CEBq3AGVvblVit4ToR4m,IolpW1ZCNtoD9YrnQ40v,1,stable
CEBq3AGVvblVit4ToR4m,MR5UbrWDHvrPDRaZtMtq,0,stable
CEBq3AGVvblVit4ToR4m,LAKgBAbLVsVbiNcWC5gZ,1,decreased
CEBq3AGVvblVit4ToR4m,T3zP8KWUqZa55oOnEYgK,1,stable
CEBq3AGVvblVit4ToR4m,tHWlZ9jgw30yICMgFoXf,1,stable
CEBq3AGVvblVit4ToR4m,RDDvMBaY0BGSm29brbBM,1,stable
CEBq3AGVvblVit4ToR4m,T1gsMvM427m6KlWfOZNu,1,stable
CEBq3AGVvblVit4ToR4m,1xBqZgSApJDQVQT6BTcn,0,stable
CEBq3AGVvblVit4ToR4m,4bYT8V7NDvQ1Pa2ZaqVE,2,decreased
CEBq3AGVvblVit4ToR4m,P979GSMI95dxmUeufA3S,2,decreased
CEBq3AGVvblVit4ToR4m,E7XtUfs8onabdbjGzbBz,2,decreased
CEBq3AGVvblVit4ToR4m,vUSsJJgz3xWC7fnZFLmF,0,stable
CEBq3AGVvblVit4ToR4m,oCyIaBpbIFlkdfC8GhCU,0,stable
CEBq3AGVvblVit4ToR4m,IVtn7pbNSsIvCJAAYn50,4,stable
CEBq3AGVvblVit4ToR4m,pI6LGXXBSBIkc957N9Ot,0,stable
2FF9ioIbx9maoeSIbwT2,IolpW1ZCNtoD9YrnQ40v,4,increased
2FF9ioIbx9maoeSIbwT2,pI6LGXXBSBIkc957N9Ot,1,stable
2FF9ioIbx9maoeSIbwT2,T3zP8KWUqZa55oOnEYgK,3,stable
2FF9ioIbx9maoeSIbwT2,oCyIaBpbIFlkdfC8GhCU,0,stable
2FF9ioIbx9maoeSIbwT2,oQrCwSAdGY4QZsS9vu5w,2,decreased
2FF9ioIbx9maoeSIbwT2,4bYT8V7NDvQ1Pa2ZaqVE,0,stable
2FF9ioIbx9maoeSIbwT2,N14I3RHG4eMTmv4hVYgV,2,stable
2FF9ioIbx9maoeSIbwT2,MR5UbrWDHvrPDRaZtMtq,0,stable
2FF9ioIbx9maoeSIbwT2,cIpi3PKA28aZVfzfAta1,3,increased
2FF9ioIbx9maoeSIbwT2,hclBpSpjdPeyfpag5X7D,2,decreased
2FF9ioIbx9maoeSIbwT2,RDDvMBaY0BGSm29brbBM,3,increased
2FF9ioIbx9maoeSIbwT2,IZAkNWrgjXRAei6sZvSk,2,decreased
2FF9ioIbx9maoeSIbwT2,rvnFpCYCUzSiMcz8uY9G,2,increased
2FF9ioIbx9maoeSIbwT2,tHWlZ9jgw30yICMgFoXf,2,increased
2FF9ioIbx9maoeSIbwT2,ou1L39ZBX2cVOgCqRC4U,0,stable
2FF9ioIbx9maoeSIbwT2,Kp6yx8A3QmPQoiZ8DDn9,0,stable
2FF9ioIbx9maoeSIbwT2,LAKgBAbLVsVbiNcWC5gZ,3,increased
2FF9ioIbx9maoeSIbwT2,djodU6SjPqbBSiyNuSm3,1,stable
2FF9ioIbx9maoeSIbwT2,OiY3llqCz4utTbx5YSmD,1,stable
2FF9ioIbx9maoeSIbwT2,rKGYwNvNpJzLPEdk2WDH,2,decreased
2FF9ioIbx9maoeSIbwT2,CEBq3AGVvblVit4ToR4m,1,decreased
2FF9ioIbx9maoeSIbwT2,36WMVE0pyYvdHsGCfTN1,1,stable
2FF9ioIbx9maoeSIbwT2,7A9INpTW6kQvVQs5gt71,4,stable
2FF9ioIbx9maoeSIbwT2,vUSsJJgz3xWC7fnZFLmF,0,stable
2FF9ioIbx9maoeSIbwT2,7Llx4RJ98Btnh6IN9mEV,0,stable
2FF9ioIbx9maoeSIbwT2,1xBqZgSApJDQVQT6BTcn,0,stable
2FF9ioIbx9maoeSIbwT2,xt2xgyf3gmKUeY4QZS7i,0,stable
2FF9ioIbx9maoeSIbwT2,Bt27Q8szNxm554djfjll,1,stable
2FF9ioIbx9maoeSIbwT2,P979GSMI95dxmUeufA3S,4,decreased
2FF9ioIbx9maoeSIbwT2,ShEQOFjoJ3TbiyrdVSY8,3,increased
2FF9ioIbx9maoeSIbwT2,VSGp97KAddn4cRcklRNZ,0,stable
2FF9ioIbx9maoeSIbwT2,vFgPWmSFwYPc9r65fTf1,2,stable
2FF9ioIbx9maoeSIbwT2,E7XtUfs8onabdbjGzbBz,1,stable
2FF9ioIbx9maoeSIbwT2,VZ3Bl4mlCMtGEEF6i48v,3,increased
2FF9ioIbx9maoeSIbwT2,mtxx11BMiB5F18Gt3M0K,3,increased
2FF9ioIbx9maoeSIbwT2,f6BnhBjeRpHzoPFxN6nR,0,stable
2FF9ioIbx9maoeSIbwT2,rk4iYvVZpVgG3ajg5XYQ,1,stable
2FF9ioIbx9maoeSIbwT2,viVc7jsnkLQomOhVMF4B,3,decreased
2FF9ioIbx9maoeSIbwT2,27YAbqQppoprRet39Fu9,2,stable
2FF9ioIbx9maoeSIbwT2,T1gsMvM427m6KlWfOZNu,0,stable
2FF9ioIbx9maoeSIbwT2,IVtn7pbNSsIvCJAAYn50,4,increased
7Llx4RJ98Btnh6IN9mEV,T3zP8KWUqZa55oOnEYgK,3,stable
7Llx4RJ98Btnh6IN9mEV,tHWlZ9jgw30yICMgFoXf,0,stable
7Llx4RJ98Btnh6IN9mEV,ShEQOFjoJ3TbiyrdVSY8,0,stable
7Llx4RJ98Btnh6IN9mEV,djodU6SjPqbBSiyNuSm3,2,stable
7Llx4RJ98Btnh6IN9mEV,7A9INpTW6kQvVQs5gt71,2,stable
7Llx4RJ98Btnh6IN9mEV,ou1L39ZBX2cVOgCqRC4U,0,stable
7Llx4RJ98Btnh6IN9mEV,4bYT8V7NDvQ1Pa2ZaqVE,5,increased
7Llx4RJ98Btnh6IN9mEV,rKGYwNvNpJzLPEdk2WDH,1,stable
7Llx4RJ98Btnh6IN9mEV,vFgPWmSFwYPc9r65fTf1,0,stable
7Llx4RJ98Btnh6IN9mEV,rk4iYvVZpVgG3ajg5XYQ,0,stable
7Llx4RJ98Btnh6IN9mEV,T1gsMvM427m6KlWfOZNu,1,stable
7Llx4RJ98Btnh6IN9mEV,mtxx11BMiB5F18Gt3M0K,0,stable
7Llx4RJ98Btnh6IN9mEV,IolpW1ZCNtoD9YrnQ40v,0,stable
7Llx4RJ98Btnh6IN9mEV,N14I3RHG4eMTmv4hVYgV,3,stable
7Llx4RJ98Btnh6IN9mEV,LAKgBAbLVsVbiNcWC5gZ,1,stable
7Llx4RJ98Btnh6IN9mEV,Bt27Q8szNxm554djfjll,0,stable
7Llx4RJ98Btnh6IN9mEV,VZ3Bl4mlCMtGEEF6i48v,0,stable
7Llx4RJ98Btnh6IN9mEV,P979GSMI95dxmUeufA3S,0,stable
7Llx4RJ98Btnh6IN9mEV,VSGp97KAddn4cRcklRNZ,0,stable
7Llx4RJ98Btnh6IN9mEV,E7XtUfs8onabdbjGzbBz,1,stable
7Llx4RJ98Btnh6IN9mEV,2FF9ioIbx9maoeSIbwT2,0,stable
7Llx4RJ98Btnh6IN9mEV,rvnFpCYCUzSiMcz8uY9G,0,stable
7Llx4RJ98Btnh6IN9mEV,pI6LGXXBSBIkc957N9Ot,0,stable
7Llx4RJ98Btnh6IN9mEV,cIpi3PKA28aZVfzfAta1,0,stable
7Llx4RJ98Btnh6IN9mEV,hclBpSpjdPeyfpag5X7D,0,stable
7Llx4RJ98Btnh6IN9mEV,36WMVE0pyYvdHsGCfTN1,0,stable
7Llx4RJ98Btnh6IN9mEV,vUSsJJgz3xWC7fnZFLmF,1,stable
7Llx4RJ98Btnh6IN9mEV,viVc7jsnkLQomOhVMF4B,0,stable
7Llx4RJ98Btnh6IN9mEV,oCyIaBpbIFlkdfC8GhCU,0,stable
7Llx4RJ98Btnh6IN9mEV,RDDvMBaY0BGSm29brbBM,2,stable
7Llx4RJ98Btnh6IN9mEV,27YAbqQppoprRet39Fu9,2,stable
7Llx4RJ98Btnh6IN9mEV,IZAkNWrgjXRAei6sZvSk,0,stable
7Llx4RJ98Btnh6IN9mEV,CEBq3AGVvblVit4ToR4m,0,stable
7Llx4RJ98Btnh6IN9mEV,f6BnhBjeRpHzoPFxN6nR,0,stable
7Llx4RJ98Btnh6IN9mEV,MR5UbrWDHvrPDRaZtMtq,2,stable
7Llx4RJ98Btnh6IN9mEV,Kp6yx8A3QmPQoiZ8DDn9,5,increased
7Llx4RJ98Btnh6IN9mEV,xt2xgyf3gmKUeY4QZS7i,1,stable
7Llx4RJ98Btnh6IN9mEV,IVtn7pbNSsIvCJAAYn50,0,stable
7Llx4RJ98Btnh6IN9mEV,1xBqZgSApJDQVQT6BTcn,0,stable
7Llx4RJ98Btnh6IN9mEV,OiY3llqCz4utTbx5YSmD,3,stable
7Llx4RJ98Btnh6IN9mEV,oQrCwSAdGY4QZsS9vu5w,1,stable
djodU6SjPqbBSiyNuSm3,7Llx4RJ98Btnh6IN9mEV,0,stable
djodU6SjPqbBSiyNuSm3,IZAkNWrgjXRAei6sZvSk,2,stable
djodU6SjPqbBSiyNuSm3,7A9INpTW6kQvVQs5gt71,3,increased
djodU6SjPqbBSiyNuSm3,pI6LGXXBSBIkc957N9Ot,0,stable
djodU6SjPqbBSiyNuSm3,P979GSMI95dxmUeufA3S,3,increased
djodU6SjPqbBSiyNuSm3,ou1L39ZBX2cVOgCqRC4U,0,stable
djodU6SjPqbBSiyNuSm3,tHWlZ9jgw30yICMgFoXf,3,stable
djodU6SjPqbBSiyNuSm3,OiY3llqCz4utTbx5YSmD,0,stable
djodU6SjPqbBSiyNuSm3,rk4iYvVZpVgG3ajg5XYQ,0,stable
djodU6SjPqbBSiyNuSm3,2FF9ioIbx9maoeSIbwT2,1,stable
djodU6SjPqbBSiyNuSm3,Bt27Q8szNxm554djfjll,0,stable
djodU6SjPqbBSiyNuSm3,viVc7jsnkLQomOhVMF4B,3,stable
djodU6SjPqbBSiyNuSm3,CEBq3AGVvblVit4ToR4m,3,increased
djodU6SjPqbBSiyNuSm3,ShEQOFjoJ3TbiyrdVSY8,2,stable
djodU6SjPqbBSiyNuSm3,T1gsMvM427m6KlWfOZNu,0,stable
djodU6SjPqbBSiyNuSm3,mtxx11BMiB5F18Gt3M0K,2,increased
djodU6SjPqbBSiyNuSm3,vFgPWmSFwYPc9r65fTf1,4,increased
djodU6SjPqbBSiyNuSm3,36WMVE0pyYvdHsGCfTN1,0,stable
djodU6SjPqbBSiyNuSm3,E7XtUfs8onabdbjGzbBz,3,increased
djodU6SjPqbBSiyNuSm3,IolpW1ZCNtoD9YrnQ40v,3,stable
djodU6SjPqbBSiyNuSm3,IVtn7pbNSsIvCJAAYn50,4,stable
djodU6SjPqbBSiyNuSm3,VZ3Bl4mlCMtGEEF6i48v,3,stable
djodU6SjPqbBSiyNuSm3,hclBpSpjdPeyfpag5X7D,3,stable
djodU6SjPqbBSiyNuSm3,MR5UbrWDHvrPDRaZtMtq,0,stable
djodU6SjPqbBSiyNuSm3,1xBqZgSApJDQVQT6BTcn,0,stable
djodU6SjPqbBSiyNuSm3,oCyIaBpbIFlkdfC8GhCU,0,stable
djodU6SjPqbBSiyNuSm3,oQrCwSAdGY4QZsS9vu5w,3,stable
djodU6SjPqbBSiyNuSm3,rKGYwNvNpJzLPEdk2WDH,0,stable
djodU6SjPqbBSiyNuSm3,rvnFpCYCUzSiMcz8uY9G,0,stable
djodU6SjPqbBSiyNuSm3,27YAbqQppoprRet39Fu9,4,increased
djodU6SjPqbBSiyNuSm3,4bYT8V7NDvQ1Pa2ZaqVE,0,stable
djodU6SjPqbBSiyNuSm3,N14I3RHG4eMTmv4hVYgV,4,increased
djodU6SjPqbBSiyNuSm3,RDDvMBaY0BGSm29brbBM,3,increased
djodU6SjPqbBSiyNuSm3,f6BnhBjeRpHzoPFxN6nR,4,increased
djodU6SjPqbBSiyNuSm3,VSGp97KAddn4cRcklRNZ,0,stable
djodU6SjPqbBSiyNuSm3,Kp6yx8A3QmPQoiZ8DDn9,0,stable
djodU6SjPqbBSiyNuSm3,vUSsJJgz3xWC7fnZFLmF,0,stable
djodU6SjPqbBSiyNuSm3,cIpi3PKA28aZVfzfAta1,3,increased
djodU6SjPqbBSiyNuSm3,T3zP8KWUqZa55oOnEYgK,2,stable
djodU6SjPqbBSiyNuSm3,xt2xgyf3gmKUeY4QZS7i,0,stable
djodU6SjPqbBSiyNuSm3,LAKgBAbLVsVbiNcWC5gZ,3,stable
IVtn7pbNSsIvCJAAYn50,T3zP8KWUqZa55oOnEYgK,5,increased
IVtn7pbNSsIvCJAAYn50,IZAkNWrgjXRAei6sZvSk,4,decreased
IVtn7pbNSsIvCJAAYn50,N14I3RHG4eMTmv4hVYgV,2,stable
IVtn7pbNSsIvCJAAYn50,rvnFpCYCUzSiMcz8uY9G,0,stable
IVtn7pbNSsIvCJAAYn50,T1gsMvM427m6KlWfOZNu,1,stable
IVtn7pbNSsIvCJAAYn50,cIpi3PKA28aZVfzfAta1,3,decreased
IVtn7pbNSsIvCJAAYn50,mtxx11BMiB5F18Gt3M0K,3,increased
IVtn7pbNSsIvCJAAYn50,xt2xgyf3gmKUeY4QZS7i,3,decreased
IVtn7pbNSsIvCJAAYn50,RDDvMBaY0BGSm29brbBM,3,decreased
IVtn7pbNSsIvCJAAYn50,oCyIaBpbIFlkdfC8GhCU,0,stable
IVtn7pbNSsIvCJAAYn50,ou1L39ZBX2cVOgCqRC4U,0,stable
IVtn7pbNSsIvCJAAYn50,f6BnhBjeRpHzoPFxN6nR,2,stable
IVtn7pbNSsIvCJAAYn50,IolpW1ZCNtoD9YrnQ40v,4,increased
IVtn7pbNSsIvCJAAYn50,ShEQOFjoJ3TbiyrdVSY8,5,increased
IVtn7pbNSsIvCJAAYn50,CEBq3AGVvblVit4ToR4m,4,decreased
IVtn7pbNSsIvCJAAYn50,Bt27Q8szNxm554djfjll,3,stable
IVtn7pbNSsIvCJAAYn50,4bYT8V7NDvQ1Pa2ZaqVE,0,stable
IVtn7pbNSsIvCJAAYn50,27YAbqQppoprRet39Fu9,2,decreased
IVtn7pbNSsIvCJAAYn50,vUSsJJgz3xWC7fnZFLmF,0,stable
IVtn7pbNSsIvCJAAYn50,2FF9ioIbx9maoeSIbwT2,3,stable
IVtn7pbNSsIvCJAAYn50,7A9INpTW6kQvVQs5gt71,4,stable
IVtn7pbNSsIvCJAAYn50,OiY3llqCz4utTbx5YSmD,0,stable
IVtn7pbNSsIvCJAAYn50,36WMVE0pyYvdHsGCfTN1,1,stable
IVtn7pbNSsIvCJAAYn50,VSGp97KAddn4cRcklRNZ,0,stable
IVtn7pbNSsIvCJAAYn50,hclBpSpjdPeyfpag5X7D,3,stable
IVtn7pbNSsIvCJAAYn50,1xBqZgSApJDQVQT6BTcn,0,stable
IVtn7pbNSsIvCJAAYn50,MR5UbrWDHvrPDRaZtMtq,0,stable
IVtn7pbNSsIvCJAAYn50,rKGYwNvNpJzLPEdk2WDH,1,decreased
IVtn7pbNSsIvCJAAYn50,E7XtUfs8onabdbjGzbBz,2,stable
IVtn7pbNSsIvCJAAYn50,oQrCwSAdGY4QZsS9vu5w,3,decreased
IVtn7pbNSsIvCJAAYn50,P979GSMI95dxmUeufA3S,3,increased
IVtn7pbNSsIvCJAAYn50,LAKgBAbLVsVbiNcWC5gZ,3,stable
IVtn7pbNSsIvCJAAYn50,rk4iYvVZpVgG3ajg5XYQ,0,stable
IVtn7pbNSsIvCJAAYn50,7Llx4RJ98Btnh6IN9mEV,0,stable
IVtn7pbNSsIvCJAAYn50,vFgPWmSFwYPc9r65fTf1,3,increased
IVtn7pbNSsIvCJAAYn50,tHWlZ9jgw30yICMgFoXf,2,stable
IVtn7pbNSsIvCJAAYn50,djodU6SjPqbBSiyNuSm3,1,decreased
IVtn7pbNSsIvCJAAYn50,pI6LGXXBSBIkc957N9Ot,1,stable
IVtn7pbNSsIvCJAAYn50,VZ3Bl4mlCMtGEEF6i48v,1,decreased
IVtn7pbNSsIvCJAAYn50,Kp6yx8A3QmPQoiZ8DDn9,0,stable
IVtn7pbNSsIvCJAAYn50,viVc7jsnkLQomOhVMF4B,5,increased
mtxx11BMiB5F18Gt3M0K,vUSsJJgz3xWC7fnZFLmF,0,stable
mtxx11BMiB5F18Gt3M0K,viVc7jsnkLQomOhVMF4B,2,increased
mtxx11BMiB5F18Gt3M0K,RDDvMBaY0BGSm29brbBM,1,stable
mtxx11BMiB5F18Gt3M0K,T3zP8KWUqZa55oOnEYgK,5,stable
mtxx11BMiB5F18Gt3M0K,LAKgBAbLVsVbiNcWC5gZ,3,increased
mtxx11BMiB5F18Gt3M0K,T1gsMvM427m6KlWfOZNu,1,stable
mtxx11BMiB5F18Gt3M0K,ou1L39ZBX2cVOgCqRC4U,0,stable
mtxx11BMiB5F18Gt3M0K,rk4iYvVZpVgG3ajg5XYQ,2,increased
mtxx11BMiB5F18Gt3M0K,OiY3llqCz4utTbx5YSmD,1,stable
mtxx11BMiB5F18Gt3M0K,27YAbqQppoprRet39Fu9,2,increased
mtxx11BMiB5F18Gt3M0K,7A9INpTW6kQvVQs5gt71,3,increased
mtxx11BMiB5F18Gt3M0K,IVtn7pbNSsIvCJAAYn50,4,increased
mtxx11BMiB5F18Gt3M0K,rvnFpCYCUzSiMcz8uY9G,0,stable
mtxx11BMiB5F18Gt3M0K,4bYT8V7NDvQ1Pa2ZaqVE,0,stable
mtxx11BMiB5F18Gt3M0K,ShEQOFjoJ3TbiyrdVSY8,5,stable
mtxx11BMiB5F18Gt3M0K,VZ3Bl4mlCMtGEEF6i48v,1,stable
mtxx11BMiB5F18Gt3M0K,36WMVE0pyYvdHsGCfTN1,2,stable
mtxx11BMiB5F18Gt3M0K,MR5UbrWDHvrPDRaZtMtq,0,stable
mtxx11BMiB5F18Gt3M0K,hclBpSpjdPeyfpag5X7D,1,increased
mtxx11BMiB5F18Gt3M0K,2FF9ioIbx9maoeSIbwT2,3,stable
mtxx11BMiB5F18Gt3M0K,P979GSMI95dxmUeufA3S,1,stable
mtxx11BMiB5F18Gt3M0K,djodU6SjPqbBSiyNuSm3,0,stable
mtxx11BMiB5F18Gt3M0K,tHWlZ9jgw30yICMgFoXf,3,stable
mtxx11BMiB5F18Gt3M0K,7Llx4RJ98Btnh6IN9mEV,1,stable
mtxx11BMiB5F18Gt3M0K,N14I3RHG4eMTmv4hVYgV,2,stable
mtxx11BMiB5F18Gt3M0K,rKGYwNvNpJzLPEdk2WDH,3,stable
mtxx11BMiB5F18Gt3M0K,Bt27Q8szNxm554djfjll,3,increased
mtxx11BMiB5F18Gt3M0K,cIpi3PKA28aZVfzfAta1,3,stable
mtxx11BMiB5F18Gt3M0K,1xBqZgSApJDQVQT6BTcn,0,stable
mtxx11BMiB5F18Gt3M0K,pI6LGXXBSBIkc957N9Ot,2,increased
mtxx11BMiB5F18Gt3M0K,IZAkNWrgjXRAei6sZvSk,1,stable
mtxx11BMiB5F18Gt3M0K,IolpW1ZCNtoD9YrnQ40v,4,increased
mtxx11BMiB5F18Gt3M0K,Kp6yx8A3QmPQoiZ8DDn9,0,stable
mtxx11BMiB5F18Gt3M0K,oQrCwSAdGY4QZsS9vu5w,3,increased
mtxx11BMiB5F18Gt3M0K,oCyIaBpbIFlkdfC8GhCU,0,stable
mtxx11BMiB5F18Gt3M0K,xt2xgyf3gmKUeY4QZS7i,1,stable
mtxx11BMiB5F18Gt3M0K,VSGp97KAddn4cRcklRNZ,0,stable
mtxx11BMiB5F18Gt3M0K,CEBq3AGVvblVit4ToR4m,1,stable
mtxx11BMiB5F18Gt3M0K,f6BnhBjeRpHzoPFxN6nR,2,decreased
mtxx11BMiB5F18Gt3M0K,E7XtUfs8onabdbjGzbBz,1,stable
mtxx11BMiB5F18Gt3M0K,vFgPWmSFwYPc9r65fTf1,2,increased
IolpW1ZCNtoD9YrnQ40v,rvnFpCYCUzSiMcz8uY9G,0,stable
IolpW1ZCNtoD9YrnQ40v,djodU6SjPqbBSiyNuSm3,2,stable
IolpW1ZCNtoD9YrnQ40v,CEBq3AGVvblVit4ToR4m,1,stable
IolpW1ZCNtoD9YrnQ40v,MR5UbrWDHvrPDRaZtMtq,0,stable
IolpW1ZCNtoD9YrnQ40v,Kp6yx8A3QmPQoiZ8DDn9,2,stable
IolpW1ZCNtoD9YrnQ40v,VSGp97KAddn4cRcklRNZ,1,stable
IolpW1ZCNtoD9YrnQ40v,ShEQOFjoJ3TbiyrdVSY8,3,increased
IolpW1ZCNtoD9YrnQ40v,rKGYwNvNpJzLPEdk2WDH,2,stable
IolpW1ZCNtoD9YrnQ40v,pI6LGXXBSBIkc957N9Ot,3,increased
IolpW1ZCNtoD9YrnQ40v,OiY3llqCz4utTbx5YSmD,2,increased
IolpW1ZCNtoD9YrnQ40v,f6BnhBjeRpHzoPFxN6nR,2,increased
IolpW1ZCNtoD9YrnQ40v,mtxx11BMiB5F18Gt3M0K,3,increased
IolpW1ZCNtoD9YrnQ40v,rk4iYvVZpVgG3ajg5XYQ,1,stable
IolpW1ZCNtoD9YrnQ40v,IVtn7pbNSsIvCJAAYn50,5,increased
IolpW1ZCNtoD9YrnQ40v,27YAbqQppoprRet39Fu9,2,stable
IolpW1ZCNtoD9YrnQ40v,T1gsMvM427m6KlWfOZNu,0,stable
IolpW1ZCNtoD9YrnQ40v,tHWlZ9jgw30yICMgFoXf,4,increased
IolpW1ZCNtoD9YrnQ40v,VZ3Bl4mlCMtGEEF6i48v,3,increased
IolpW1ZCNtoD9YrnQ40v,oQrCwSAdGY4QZsS9vu5w,2,stable
IolpW1ZCNtoD9YrnQ40v,7A9INpTW6kQvVQs5gt71,5,increased
IolpW1ZCNtoD9YrnQ40v,7Llx4RJ98Btnh6IN9mEV,0,stable
IolpW1ZCNtoD9YrnQ40v,LAKgBAbLVsVbiNcWC5gZ,3,stable
IolpW1ZCNtoD9YrnQ40v,xt2xgyf3gmKUeY4QZS7i,2,stable
IolpW1ZCNtoD9YrnQ40v,vFgPWmSFwYPc9r65fTf1,2,stable
IolpW1ZCNtoD9YrnQ40v,2FF9ioIbx9maoeSIbwT2,4,stable
IolpW1ZCNtoD9YrnQ40v,RDDvMBaY0BGSm29brbBM,3,decreased
IolpW1ZCNtoD9YrnQ40v,P979GSMI95dxmUeufA3S,5,stable
IolpW1ZCNtoD9YrnQ40v,viVc7jsnkLQomOhVMF4B,3,stable
IolpW1ZCNtoD9YrnQ40v,cIpi3PKA28aZVfzfAta1,2,decreased
IolpW1ZCNtoD9YrnQ40v,1xBqZgSApJDQVQT6BTcn,2,increased
IolpW1ZCNtoD9YrnQ40v,vUSsJJgz3xWC7fnZFLmF,1,stable
IolpW1ZCNtoD9YrnQ40v,Bt27Q8szNxm554djfjll,1,stable
IolpW1ZCNtoD9YrnQ40v,36WMVE0pyYvdHsGCfTN1,2,stable
IolpW1ZCNtoD9YrnQ40v,ou1L39ZBX2cVOgCqRC4U,0,stable
IolpW1ZCNtoD9YrnQ40v,N14I3RHG4eMTmv4hVYgV,1,stable
IolpW1ZCNtoD9YrnQ40v,hclBpSpjdPeyfpag5X7D,1,stable
IolpW1ZCNtoD9YrnQ40v,4bYT8V7NDvQ1Pa2ZaqVE,0,stable
IolpW1ZCNtoD9YrnQ40v,oCyIaBpbIFlkdfC8GhCU,1,stable
IolpW1ZCNtoD9YrnQ40v,T3zP8KWUqZa55oOnEYgK,5,increased
IolpW1ZCNtoD9YrnQ40v,E7XtUfs8onabdbjGzbBz,2,stable
IolpW1ZCNtoD9YrnQ40v,IZAkNWrgjXRAei6sZvSk,2,stable
ShEQOFjoJ3TbiyrdVSY8,RDDvMBaY0BGSm29brbBM,2,increased
ShEQOFjoJ3TbiyrdVSY8,CEBq3AGVvblVit4ToR4m,1,stable
ShEQOFjoJ3TbiyrdVSY8,IZAkNWrgjXRAei6sZvSk,2,increased
ShEQOFjoJ3TbiyrdVSY8,vFgPWmSFwYPc9r65fTf1,2,stable
ShEQOFjoJ3TbiyrdVSY8,LAKgBAbLVsVbiNcWC5gZ,2,increased
ShEQOFjoJ3TbiyrdVSY8,VSGp97KAddn4cRcklRNZ,0,stable
ShEQOFjoJ3TbiyrdVSY8,f6BnhBjeRpHzoPFxN6nR,0,stable
ShEQOFjoJ3TbiyrdVSY8,36WMVE0pyYvdHsGCfTN1,0,stable
ShEQOFjoJ3TbiyrdVSY8,Bt27Q8szNxm554djfjll,0,stable
ShEQOFjoJ3TbiyrdVSY8,27YAbqQppoprRet39Fu9,3,increased
ShEQOFjoJ3TbiyrdVSY8,T1gsMvM427m6KlWfOZNu,0,stable
ShEQOFjoJ3TbiyrdVSY8,7A9INpTW6kQvVQs5gt71,2,increased
ShEQOFjoJ3TbiyrdVSY8,4bYT8V7NDvQ1Pa2ZaqVE,0,stable
ShEQOFjoJ3TbiyrdVSY8,ou1L39ZBX2cVOgCqRC4U,0,stable
ShEQOFjoJ3TbiyrdVSY8,N14I3RHG4eMTmv4hVYgV,1,stable
ShEQOFjoJ3TbiyrdVSY8,2FF9ioIbx9maoeSIbwT2,3,increased
ShEQOFjoJ3TbiyrdVSY8,rvnFpCYCUzSiMcz8uY9G,1,stable
ShEQOFjoJ3TbiyrdVSY8,MR5UbrWDHvrPDRaZtMtq,0,stable
ShEQOFjoJ3TbiyrdVSY8,oQrCwSAdGY4QZsS9vu5w,2,stable
ShEQOFjoJ3TbiyrdVSY8,1xBqZgSApJDQVQT6BTcn,1,stable
ShEQOFjoJ3TbiyrdVSY8,oCyIaBpbIFlkdfC8GhCU,0,stable
ShEQOFjoJ3TbiyrdVSY8,rKGYwNvNpJzLPEdk2WDH,4,increased
ShEQOFjoJ3TbiyrdVSY8,P979GSMI95dxmUeufA3S,2,stable
ShEQOFjoJ3TbiyrdVSY8,xt2xgyf3gmKUeY4QZS7i,0,stable
ShEQOFjoJ3TbiyrdVSY8,rk4iYvVZpVgG3ajg5XYQ,0,stable
ShEQOFjoJ3TbiyrdVSY8,tHWlZ9jgw30yICMgFoXf,2,stable
ShEQOFjoJ3TbiyrdVSY8,Kp6yx8A3QmPQoiZ8DDn9,0,stable
ShEQOFjoJ3TbiyrdVSY8,mtxx11BMiB5F18Gt3M0K,5,increased
ShEQOFjoJ3TbiyrdVSY8,E7XtUfs8onabdbjGzbBz,2,stable
ShEQOFjoJ3TbiyrdVSY8,VZ3Bl4mlCMtGEEF6i48v,2,stable
ShEQOFjoJ3TbiyrdVSY8,IVtn7pbNSsIvCJAAYn50,3,increased
ShEQOFjoJ3TbiyrdVSY8,hclBpSpjdPeyfpag5X7D,2,stable
ShEQOFjoJ3TbiyrdVSY8,djodU6SjPqbBSiyNuSm3,0,stable
ShEQOFjoJ3TbiyrdVSY8,vUSsJJgz3xWC7fnZFLmF,0,stable
ShEQOFjoJ3TbiyrdVSY8,T3zP8KWUqZa55oOnEYgK,3,increased
ShEQOFjoJ3TbiyrdVSY8,cIpi3PKA28aZVfzfAta1,2,stable
ShEQOFjoJ3TbiyrdVSY8,IolpW1ZCNtoD9YrnQ40v,2,stable
ShEQOFjoJ3TbiyrdVSY8,7Llx4RJ98Btnh6IN9mEV,1,stable
ShEQOFjoJ3TbiyrdVSY8,viVc7jsnkLQomOhVMF4B,2,increased
ShEQOFjoJ3TbiyrdVSY8,OiY3llqCz4utTbx5YSmD,0,stable
ShEQOFjoJ3TbiyrdVSY8,pI6LGXXBSBIkc957N9Ot,0,stable
T3zP8KWUqZa55oOnEYgK,VSGp97KAddn4cRcklRNZ,0,stable
T3zP8KWUqZa55oOnEYgK,mtxx11BMiB5F18Gt3M0K,4,stable
T3zP8KWUqZa55oOnEYgK,ShEQOFjoJ3TbiyrdVSY8,4,increased
T3zP8KWUqZa55oOnEYgK,oQrCwSAdGY4QZsS9vu5w,2,increased
T3zP8KWUqZa55oOnEYgK,vUSsJJgz3xWC7fnZFLmF,0,stable
T3zP8KWUqZa55oOnEYgK,cIpi3PKA28aZVfzfAta1,2,stable
T3zP8KWUqZa55oOnEYgK,Kp6yx8A3QmPQoiZ8DDn9,0,stable
T3zP8KWUqZa55oOnEYgK,LAKgBAbLVsVbiNcWC5gZ,1,stable
T3zP8KWUqZa55oOnEYgK,IolpW1ZCNtoD9YrnQ40v,5,stable
T3zP8KWUqZa55oOnEYgK,Bt27Q8szNxm554djfjll,0,stable
T3zP8KWUqZa55oOnEYgK,7Llx4RJ98Btnh6IN9mEV,0,stable
T3zP8KWUqZa55oOnEYgK,VZ3Bl4mlCMtGEEF6i48v,1,stable
T3zP8KWUqZa55oOnEYgK,N14I3RHG4eMTmv4hVYgV,0,stable
T3zP8KWUqZa55oOnEYgK,T1gsMvM427m6KlWfOZNu,0,stable
T3zP8KWUqZa55oOnEYgK,IZAkNWrgjXRAei6sZvSk,3,increased
T3zP8KWUqZa55oOnEYgK,hclBpSpjdPeyfpag5X7D,1,stable
T3zP8KWUqZa55oOnEYgK,OiY3llqCz4utTbx5YSmD,1,stable
T3zP8KWUqZa55oOnEYgK,7A9INpTW6kQvVQs5gt71,4,stable
T3zP8KWUqZa55oOnEYgK,27YAbqQppoprRet39Fu9,2,increased
T3zP8KWUqZa55oOnEYgK,ou1L39ZBX2cVOgCqRC4U,0,stable
T3zP8KWUqZa55oOnEYgK,tHWlZ9jgw30yICMgFoXf,3,stable
T3zP8KWUqZa55oOnEYgK,rk4iYvVZpVgG3ajg5XYQ,0,stable
T3zP8KWUqZa55oOnEYgK,36WMVE0pyYvdHsGCfTN1,0,stable
T3zP8KWUqZa55oOnEYgK,RDDvMBaY0BGSm29brbBM,2,increased
T3zP8KWUqZa55oOnEYgK,rKGYwNvNpJzLPEdk2WDH,1,stable
T3zP8KWUqZa55oOnEYgK,CEBq3AGVvblVit4ToR4m,2,increased
T3zP8KWUqZa55oOnEYgK,2FF9ioIbx9maoeSIbwT2,4,increased
T3zP8KWUqZa55oOnEYgK,1xBqZgSApJDQVQT6BTcn,0,stable
T3zP8KWUqZa55oOnEYgK,vFgPWmSFwYPc9r65fTf1,1,stable
T3zP8KWUqZa55oOnEYgK,pI6LGXXBSBIkc957N9Ot,2,stable
T3zP8KWUqZa55oOnEYgK,IVtn7pbNSsIvCJAAYn50,5,increased
T3zP8KWUqZa55oOnEYgK,oCyIaBpbIFlkdfC8GhCU,0,stable
T3zP8KWUqZa55oOnEYgK,f6BnhBjeRpHzoPFxN6nR,3,stable
T3zP8KWUqZa55oOnEYgK,4bYT8V7NDvQ1Pa2ZaqVE,0,stable
T3zP8KWUqZa55oOnEYgK,E7XtUfs8onabdbjGzbBz,1,stable
T3zP8KWUqZa55oOnEYgK,djodU6SjPqbBSiyNuSm3,1,stable
T3zP8KWUqZa55oOnEYgK,MR5UbrWDHvrPDRaZtMtq,0,stable
T3zP8KWUqZa55oOnEYgK,rvnFpCYCUzSiMcz8uY9G,0,stable
T3zP8KWUqZa55oOnEYgK,xt2xgyf3gmKUeY4QZS7i,0,stable
T3zP8KWUqZa55oOnEYgK,P979GSMI95dxmUeufA3S,2,stable
T3zP8KWUqZa55oOnEYgK,viVc7jsnkLQomOhVMF4B,4,increased
Bt27Q8szNxm554djfjll,N14I3RHG4eMTmv4hVYgV,0,stable
Bt27Q8szNxm554djfjll,T1gsMvM427m6KlWfOZNu,0,stable
Bt27Q8szNxm554djfjll,2FF9ioIbx9maoeSIbwT2,0,stable
Bt27Q8szNxm554djfjll,27YAbqQppoprRet39Fu9,0,stable
Bt27Q8szNxm554djfjll,mtxx11BMiB5F18Gt3M0K,2,decreased
Bt27Q8szNxm554djfjll,hclBpSpjdPeyfpag5X7D,0,stable
Bt27Q8szNxm554djfjll,rKGYwNvNpJzLPEdk2WDH,0,stable
Bt27Q8szNxm554djfjll,E7XtUfs8onabdbjGzbBz,1,stable
Bt27Q8szNxm554djfjll,oCyIaBpbIFlkdfC8GhCU,3,stable
Bt27Q8szNxm554djfjll,VSGp97KAddn4cRcklRNZ,0,stable
Bt27Q8szNxm554djfjll,vUSsJJgz3xWC7fnZFLmF,0,stable
Bt27Q8szNxm554djfjll,tHWlZ9jgw30yICMgFoXf,0,stable
Bt27Q8szNxm554djfjll,P979GSMI95dxmUeufA3S,0,stable
Bt27Q8szNxm554djfjll,xt2xgyf3gmKUeY4QZS7i,0,stable
Bt27Q8szNxm554djfjll,4bYT8V7NDvQ1Pa2ZaqVE,0,stable
Bt27Q8szNxm554djfjll,Kp6yx8A3QmPQoiZ8DDn9,0,stable
Bt27Q8szNxm554djfjll,IVtn7pbNSsIvCJAAYn50,3,stable
Bt27Q8szNxm554djfjll,ShEQOFjoJ3TbiyrdVSY8,2,stable
Bt27Q8szNxm554djfjll,rk4iYvVZpVgG3ajg5XYQ,0,stable
Bt27Q8szNxm554djfjll,OiY3llqCz4utTbx5YSmD,0,stable
Bt27Q8szNxm554djfjll,ou1L39ZBX2cVOgCqRC4U,0,stable
Bt27Q8szNxm554djfjll,cIpi3PKA28aZVfzfAta1,0,stable
Bt27Q8szNxm554djfjll,oQrCwSAdGY4QZsS9vu5w,3,stable
Bt27Q8szNxm554djfjll,36WMVE0pyYvdHsGCfTN1,0,stable
Bt27Q8szNxm554djfjll,VZ3Bl4mlCMtGEEF6i48v,2,stable
Bt27Q8szNxm554djfjll,djodU6SjPqbBSiyNuSm3,0,stable
Bt27Q8szNxm554djfjll,CEBq3AGVvblVit4ToR4m,0,stable
Bt27Q8szNxm554djfjll,MR5UbrWDHvrPDRaZtMtq,0,stable
Bt27Q8szNxm554djfjll,1xBqZgSApJDQVQT6BTcn,0,stable
Bt27Q8szNxm554djfjll,f6BnhBjeRpHzoPFxN6nR,0,stable
Bt27Q8szNxm554djfjll,rvnFpCYCUzSiMcz8uY9G,0,stable
Bt27Q8szNxm554djfjll,LAKgBAbLVsVbiNcWC5gZ,0,stable
Bt27Q8szNxm554djfjll,7Llx4RJ98Btnh6IN9mEV,0,stable
Bt27Q8szNxm554djfjll,IolpW1ZCNtoD9YrnQ40v,0,stable
Bt27Q8szNxm554djfjll,vFgPWmSFwYPc9r65fTf1,0,stable
Bt27Q8szNxm554djfjll,7A9INpTW6kQvVQs5gt71,1,stable
Bt27Q8szNxm554djfjll,RDDvMBaY0BGSm29brbBM,0,stable
Bt27Q8szNxm554djfjll,IZAkNWrgjXRAei6sZvSk,2,stable
Bt27Q8szNxm554djfjll,pI6LGXXBSBIkc957N9Ot,0,stable
Bt27Q8szNxm554djfjll,viVc7jsnkLQomOhVMF4B,4,stable
Bt27Q8szNxm554djfjll,T3zP8KWUqZa55oOnEYgK,2,stable
4bYT8V7NDvQ1Pa2ZaqVE,T3zP8KWUqZa55oOnEYgK,0,stable
4bYT8V7NDvQ1Pa2ZaqVE,rk4iYvVZpVgG3ajg5XYQ,0,stable
4bYT8V7NDvQ1Pa2ZaqVE,xt2xgyf3gmKUeY4QZS7i,0,stable
4bYT8V7NDvQ1Pa2ZaqVE,ShEQOFjoJ3TbiyrdVSY8,0,stable
4bYT8V7NDvQ1Pa2ZaqVE,7A9INpTW6kQvVQs5gt71,1,stable
4bYT8V7NDvQ1Pa2ZaqVE,vFgPWmSFwYPc9r65fTf1,0,stable
4bYT8V7NDvQ1Pa2ZaqVE,cIpi3PKA28aZVfzfAta1,0,stable
4bYT8V7NDvQ1Pa2ZaqVE,ou1L39ZBX2cVOgCqRC4U,0,stable
4bYT8V7NDvQ1Pa2ZaqVE,rvnFpCYCUzSiMcz8uY9G,0,stable
4bYT8V7NDvQ1Pa2ZaqVE,pI6LGXXBSBIkc957N9Ot,0,stable
4bYT8V7NDvQ1Pa2ZaqVE,mtxx11BMiB5F18Gt3M0K,0,stable
4bYT8V7NDvQ1Pa2ZaqVE,IolpW1ZCNtoD9YrnQ40v,0,stable
4bYT8V7NDvQ1Pa2ZaqVE,djodU6SjPqbBSiyNuSm3,0,stable
4bYT8V7NDvQ1Pa2ZaqVE,tHWlZ9jgw30yICMgFoXf,0,stable
4bYT8V7NDvQ1Pa2ZaqVE,2FF9ioIbx9maoeSIbwT2,0,stable
4bYT8V7NDvQ1Pa2ZaqVE,OiY3llqCz4utTbx5YSmD,0,stable
4bYT8V7NDvQ1Pa2ZaqVE,Kp6yx8A3QmPQoiZ8DDn9,0,stable
4bYT8V7NDvQ1Pa2ZaqVE,T1gsMvM427m6KlWfOZNu,1,stable
4bYT8V7NDvQ1Pa2ZaqVE,RDDvMBaY0BGSm29brbBM,1,stable
4bYT8V7NDvQ1Pa2ZaqVE,VZ3Bl4mlCMtGEEF6i48v,0,stable
4bYT8V7NDvQ1Pa2ZaqVE,7Llx4RJ98Btnh6IN9mEV,3,stable
4bYT8V7NDvQ1Pa2ZaqVE,27YAbqQppoprRet39Fu9,0,stable
4bYT8V7NDvQ1Pa2ZaqVE,vUSsJJgz3xWC7fnZFLmF,0,stable
4bYT8V7NDvQ1Pa2ZaqVE,IZAkNWrgjXRAei6sZvSk,1,stable
4bYT8V7NDvQ1Pa2ZaqVE,oCyIaBpbIFlkdfC8GhCU,0,stable
4bYT8V7NDvQ1Pa2ZaqVE,viVc7jsnkLQomOhVMF4B,0,stable
4bYT8V7NDvQ1Pa2ZaqVE,MR5UbrWDHvrPDRaZtMtq,3,stable
4bYT8V7NDvQ1Pa2ZaqVE,f6BnhBjeRpHzoPFxN6nR,0,stable
4bYT8V7NDvQ1Pa2ZaqVE,VSGp97KAddn4cRcklRNZ,0,stable
4bYT8V7NDvQ1Pa2ZaqVE,1xBqZgSApJDQVQT6BTcn,0,stable
4bYT8V7NDvQ1Pa2ZaqVE,hclBpSpjdPeyfpag5X7D,0,stable
4bYT8V7NDvQ1Pa2ZaqVE,36WMVE0pyYvdHsGCfTN1,0,stable
4bYT8V7NDvQ1Pa2ZaqVE,Bt27Q8szNxm554djfjll,0,stable
4bYT8V7NDvQ1Pa2ZaqVE,N14I3RHG4eMTmv4hVYgV,0,stable
4bYT8V7NDvQ1Pa2ZaqVE,IVtn7pbNSsIvCJAAYn50,0,stable
4bYT8V7NDvQ1Pa2ZaqVE,P979GSMI95dxmUeufA3S,0,stable
4bYT8V7NDvQ1Pa2ZaqVE,E7XtUfs8onabdbjGzbBz,0,stable
4bYT8V7NDvQ1Pa2ZaqVE,oQrCwSAdGY4QZsS9vu5w,0,stable
4bYT8V7NDvQ1Pa2ZaqVE,LAKgBAbLVsVbiNcWC5gZ,0,stable
4bYT8V7NDvQ1Pa2ZaqVE,rKGYwNvNpJzLPEdk2WDH,0,stable
4bYT8V7NDvQ1Pa2ZaqVE,CEBq3AGVvblVit4ToR4m,0,stable
xt2xgyf3gmKUeY4QZS7i,Kp6yx8A3QmPQoiZ8DDn9,0,stable
xt2xgyf3gmKUeY4QZS7i,4bYT8V7NDvQ1Pa2ZaqVE,0,stable
xt2xgyf3gmKUeY4QZS7i,ShEQOFjoJ3TbiyrdVSY8,0,stable
xt2xgyf3gmKUeY4QZS7i,tHWlZ9jgw30yICMgFoXf,0,stable
xt2xgyf3gmKUeY4QZS7i,27YAbqQppoprRet39Fu9,0,stable
xt2xgyf3gmKUeY4QZS7i,VZ3Bl4mlCMtGEEF6i48v,1,stable
xt2xgyf3gmKUeY4QZS7i,7A9INpTW6kQvVQs5gt71,1,stable
xt2xgyf3gmKUeY4QZS7i,IZAkNWrgjXRAei6sZvSk,1,stable
xt2xgyf3gmKUeY4QZS7i,pI6LGXXBSBIkc957N9Ot,3,stable
xt2xgyf3gmKUeY4QZS7i,vUSsJJgz3xWC7fnZFLmF,0,stable
xt2xgyf3gmKUeY4QZS7i,oQrCwSAdGY4QZsS9vu5w,0,stable
xt2xgyf3gmKUeY4QZS7i,2FF9ioIbx9maoeSIbwT2,0,stable
xt2xgyf3gmKUeY4QZS7i,viVc7jsnkLQomOhVMF4B,4,decreased
xt2xgyf3gmKUeY4QZS7i,MR5UbrWDHvrPDRaZtMtq,0,stable
xt2xgyf3gmKUeY4QZS7i,djodU6SjPqbBSiyNuSm3,0,stable
xt2xgyf3gmKUeY4QZS7i,f6BnhBjeRpHzoPFxN6nR,0,stable
xt2xgyf3gmKUeY4QZS7i,rvnFpCYCUzSiMcz8uY9G,0,stable
xt2xgyf3gmKUeY4QZS7i,oCyIaBpbIFlkdfC8GhCU,0,stable
xt2xgyf3gmKUeY4QZS7i,CEBq3AGVvblVit4ToR4m,0,stable
xt2xgyf3gmKUeY4QZS7i,mtxx11BMiB5F18Gt3M0K,0,stable
xt2xgyf3gmKUeY4QZS7i,N14I3RHG4eMTmv4hVYgV,0,stable
xt2xgyf3gmKUeY4QZS7i,OiY3llqCz4utTbx5YSmD,0,stable
xt2xgyf3gmKUeY4QZS7i,LAKgBAbLVsVbiNcWC5gZ,0,stable
xt2xgyf3gmKUeY4QZS7i,1xBqZgSApJDQVQT6BTcn,0,stable
xt2xgyf3gmKUeY4QZS7i,P979GSMI95dxmUeufA3S,1,decreased
xt2xgyf3gmKUeY4QZS7i,rKGYwNvNpJzLPEdk2WDH,0,stable
xt2xgyf3gmKUeY4QZS7i,vFgPWmSFwYPc9r65fTf1,0,stable
xt2xgyf3gmKUeY4QZS7i,cIpi3PKA28aZVfzfAta1,5,increased
xt2xgyf3gmKUeY4QZS7i,E7XtUfs8onabdbjGzbBz,0,stable
xt2xgyf3gmKUeY4QZS7i,7Llx4RJ98Btnh6IN9mEV,0,stable
xt2xgyf3gmKUeY4QZS7i,VSGp97KAddn4cRcklRNZ,0,stable
xt2xgyf3gmKUeY4QZS7i,IVtn7pbNSsIvCJAAYn50,4,decreased
xt2xgyf3gmKUeY4QZS7i,36WMVE0pyYvdHsGCfTN1,0,stable
xt2xgyf3gmKUeY4QZS7i,Bt27Q8szNxm554djfjll,0,stable
xt2xgyf3gmKUeY4QZS7i,T3zP8KWUqZa55oOnEYgK,3,stable
xt2xgyf3gmKUeY4QZS7i,RDDvMBaY0BGSm29brbBM,3,stable
xt2xgyf3gmKUeY4QZS7i,hclBpSpjdPeyfpag5X7D,1,decreased
xt2xgyf3gmKUeY4QZS7i,IolpW1ZCNtoD9YrnQ40v,0,stable
xt2xgyf3gmKUeY4QZS7i,T1gsMvM427m6KlWfOZNu,1,decreased
xt2xgyf3gmKUeY4QZS7i,ou1L39ZBX2cVOgCqRC4U,0,stable
xt2xgyf3gmKUeY4QZS7i,rk4iYvVZpVgG3ajg5XYQ,0,stable
OiY3llqCz4utTbx5YSmD,1xBqZgSApJDQVQT6BTcn,2,stable
OiY3llqCz4utTbx5YSmD,7A9INpTW6kQvVQs5gt71,0,stable
OiY3llqCz4utTbx5YSmD,f6BnhBjeRpHzoPFxN6nR,0,stable
OiY3llqCz4utTbx5YSmD,ShEQOFjoJ3TbiyrdVSY8,0,stable
OiY3llqCz4utTbx5YSmD,cIpi3PKA28aZVfzfAta1,0,stable
OiY3llqCz4utTbx5YSmD,hclBpSpjdPeyfpag5X7D,0,stable
OiY3llqCz4utTbx5YSmD,T1gsMvM427m6KlWfOZNu,0,stable
OiY3llqCz4utTbx5YSmD,36WMVE0pyYvdHsGCfTN1,0,stable
OiY3llqCz4utTbx5YSmD,VSGp97KAddn4cRcklRNZ,0,stable
OiY3llqCz4utTbx5YSmD,rvnFpCYCUzSiMcz8uY9G,0,stable
OiY3llqCz4utTbx5YSmD,xt2xgyf3gmKUeY4QZS7i,0,stable
OiY3llqCz4utTbx5YSmD,27YAbqQppoprRet39Fu9,2,stable
OiY3llqCz4utTbx5YSmD,Bt27Q8szNxm554djfjll,0,stable
OiY3llqCz4utTbx5YSmD,LAKgBAbLVsVbiNcWC5gZ,0,stable
OiY3llqCz4utTbx5YSmD,T3zP8KWUqZa55oOnEYgK,0,stable
OiY3llqCz4utTbx5YSmD,viVc7jsnkLQomOhVMF4B,0,stable
OiY3llqCz4utTbx5YSmD,tHWlZ9jgw30yICMgFoXf,0,stable
OiY3llqCz4utTbx5YSmD,IVtn7pbNSsIvCJAAYn50,0,stable
OiY3llqCz4utTbx5YSmD,7Llx4RJ98Btnh6IN9mEV,2,decreased
OiY3llqCz4utTbx5YSmD,rk4iYvVZpVgG3ajg5XYQ,0,stable
OiY3llqCz4utTbx5YSmD,djodU6SjPqbBSiyNuSm3,0,stable
OiY3llqCz4utTbx5YSmD,IZAkNWrgjXRAei6sZvSk,0,stable
OiY3llqCz4utTbx5YSmD,E7XtUfs8onabdbjGzbBz,0,stable
OiY3llqCz4utTbx5YSmD,mtxx11BMiB5F18Gt3M0K,0,stable
OiY3llqCz4utTbx5YSmD,VZ3Bl4mlCMtGEEF6i48v,0,stable
OiY3llqCz4utTbx5YSmD,RDDvMBaY0BGSm29brbBM,0,stable
OiY3llqCz4utTbx5YSmD,oQrCwSAdGY4QZsS9vu5w,0,stable
OiY3llqCz4utTbx5YSmD,4bYT8V7NDvQ1Pa2ZaqVE,0,stable
OiY3llqCz4utTbx5YSmD,oCyIaBpbIFlkdfC8GhCU,0,stable
OiY3llqCz4utTbx5YSmD,Kp6yx8A3QmPQoiZ8DDn9,0,stable
OiY3llqCz4utTbx5YSmD,CEBq3AGVvblVit4ToR4m,0,stable
OiY3llqCz4utTbx5YSmD,N14I3RHG4eMTmv4hVYgV,0,stable
OiY3llqCz4utTbx5YSmD,rKGYwNvNpJzLPEdk2WDH,0,stable
OiY3llqCz4utTbx5YSmD,vFgPWmSFwYPc9r65fTf1,0,stable
OiY3llqCz4utTbx5YSmD,vUSsJJgz3xWC7fnZFLmF,0,stable
OiY3llqCz4utTbx5YSmD,pI6LGXXBSBIkc957N9Ot,0,stable
OiY3llqCz4utTbx5YSmD,P979GSMI95dxmUeufA3S,0,stable
OiY3llqCz4utTbx5YSmD,ou1L39ZBX2cVOgCqRC4U,0,stable
OiY3llqCz4utTbx5YSmD,MR5UbrWDHvrPDRaZtMtq,0,stable
OiY3llqCz4utTbx5YSmD,IolpW1ZCNtoD9YrnQ40v,2,stable
OiY3llqCz4utTbx5YSmD,2FF9ioIbx9maoeSIbwT2,0,stable
